{"type":"FeatureCollection","frame":{"width":1152,"height":748.8,"y":"down"},"note":"50 states + DC, composite Albers (CONUS 29.5/45.5 on -96; AK 0.35x; HI). Census cartographic boundary file, 1:5m, 2024 vintage, simplified by mapshaper. Pre-projected plane coordinates.","features":[{"type":"Feature","properties":{"st":"AK","fips":"02","name":"Alaska","label_x":242.9,"label_y":612.1},"geometry":{"type":"MultiPolygon","coordinates":[[[[154.9,688.5],[154.8,688.8],[155,689],[155.4,688.7],[155.7,688.6],[155.8,688.7],[156.1,688.7],[156.3,688.5],[156.4,688.2],[156.1,687.9],[155.9,687.9],[155.6,688],[155.1,688.2],[154.9,688.5]]],[[[153.3,688.2],[153.2,688.4],[153.5,688.4],[153.5,688.3],[153.3,688.2]]],[[[152.4,688.7],[152.3,689.1],[152.7,689.1],[152.8,689],[153,688.8],[152.7,688.5],[152.5,688.6],[152.4,688.7]]],[[[174,599.9],[173.9,600.4],[173.9,600.8],[174,601.5],[174.6,601.9],[174.9,602.2],[175,602.2],[175.4,602.1],[175.6,602],[175.7,601.8],[176.4,601.6],[176.9,601.8],[177.2,601.9],[178.2,602.7],[178.6,603.1],[178.8,603.4],[178.9,603.8],[178.9,604.4],[179.4,604.5],[179.6,604.6],[179.7,604.8],[180,605],[180.3,605.6],[180.4,605.9],[180.4,606.5],[180.3,606.6],[180.7,606.9],[181,606.6],[181.1,606.1],[181.3,605.8],[181.8,605.6],[182.1,605.4],[182.8,605.3],[183.3,605.4],[183.6,605.6],[183.9,605.8],[184.3,605.6],[184.8,604.8],[184.8,604.7],[184.5,604.6],[183.8,604.2],[183.4,604.1],[182.8,603.9],[182.7,603.8],[182.3,603.7],[181.9,603.4],[181.8,603.2],[181.6,602.9],[180.9,602.6],[180.7,602.4],[180.4,602.2],[180.3,602.1],[180.4,601.8],[180.4,601],[180.1,600.9],[179.9,600.3],[179.2,600],[178.7,600.1],[178.3,600.2],[177.4,600.6],[177.2,600.6],[176.9,600.4],[176.4,600.1],[175.8,599.7],[175.1,599.1],[175.1,598.8],[175.2,598.5],[175.2,598.2],[174.9,598.1],[174.8,598.6],[174.7,598.6],[174.6,599.1],[174.5,599.3],[174.4,599.4],[174.1,599.7],[174,599.9]]],[[[145.6,688.5],[145.4,688.7],[145.5,688.8],[145.9,689],[146.5,688.9],[147.1,688.7],[147.2,688.7],[147.2,688.3],[146.8,688.1],[146.6,688],[145.9,688.1],[145.6,688.5]]],[[[162.6,622.9],[163,623.2],[163.1,623.5],[163.5,624.2],[163.6,624.4],[163.9,624.7],[163.9,624.9],[164.4,624.9],[164.8,625],[165.1,625.1],[165.1,625.4],[165.4,625.4],[165.2,625.1],[164.8,624.5],[164.7,624.5],[164.4,624.5],[164.2,624.3],[163.6,623.7],[163.3,623],[163.2,622.6],[163.4,622.3],[163.3,622.2],[163,622.4],[162.8,622.4],[162.7,622.8],[162.6,622.9]]],[[[162.9,621.3],[162.7,621.6],[163,621.7],[163,621.4],[162.9,621.3]]],[[[138.2,687.7],[138.3,688],[138.5,688.1],[138.6,688.4],[138.7,688.6],[139.1,688.7],[139.2,688.7],[139.7,688.8],[140.1,689],[140.4,689.3],[140.7,689.4],[141,689.3],[141.2,689.5],[141.6,689.4],[142.2,689.5],[142.4,689.6],[142.7,689.5],[143,689.6],[143.4,689.7],[143.2,689.5],[142.7,689.3],[142.7,689.2],[142.1,689.1],[141.9,689],[141.5,689],[141.4,688.9],[141,688.7],[140.8,688.7],[140.6,688.3],[140.3,688.2],[139.8,688.2],[139.6,688.1],[139.4,688.3],[138.8,687.9],[138.5,687.8],[138.2,687.7]]],[[[131.7,686.5],[131.7,686.7],[132,686.7],[132.2,686.9],[132.5,686.9],[132.8,687.1],[133.2,687.2],[133.2,687.1],[133.5,687],[133.9,687.1],[134.4,687.3],[134.6,687.6],[135.2,687.6],[135.4,687.5],[135.5,687.7],[135.8,687.6],[136,687.7],[136.2,687.9],[136.5,687.6],[136.8,687.4],[136.9,687.5],[137,687.7],[137.3,687.7],[137.4,687.6],[137.6,687.7],[137.7,687.6],[138,687.8],[138.1,687.7],[137.9,687.3],[137.7,687],[137.7,686.8],[137.8,686.7],[138.4,686.9],[138.9,686.5],[139,686.3],[138.8,685.6],[138.4,685.3],[138.3,685.3],[137.5,685.4],[137.4,685.6],[137.2,685.8],[136.8,685.6],[136.7,685.7],[137,686],[137.1,686],[137.6,686.3],[137.5,686.5],[137.2,686.7],[136.9,686.6],[136.5,686.4],[136.4,686.5],[136.6,686.7],[136.5,686.8],[136.3,686.7],[136,686.6],[135.9,686.5],[135.7,686.9],[135.2,687],[135,686.9],[135,686.7],[134.8,686.7],[134.8,686.9],[134.3,686.8],[134,686.5],[133.9,686.7],[133.7,686.7],[133.3,686.6],[133.2,686.7],[132.9,686.8],[132.8,686.6],[132.4,686.5],[131.7,686.5]]],[[[130.7,686.6],[130.7,686.7],[131.1,686.8],[131.1,686.6],[130.7,686.6]]],[[[131.1,685],[131.1,685.2],[131.4,685.2],[131.3,684.9],[131.1,685]]],[[[129.6,686.3],[129.5,686.5],[129.6,686.6],[130,686.6],[130.3,686.7],[130.4,686.5],[129.7,686.3],[129.6,686.3]]],[[[128.6,685.8],[128.9,686.1],[128.9,686.3],[129.1,686.5],[129.3,686.5],[129.3,686],[128.8,685.8],[128.6,685.8]]],[[[127.7,684.7],[127.6,684.8],[127.5,685.3],[127.7,685.4],[127.5,685.7],[127.7,686],[128,686.1],[128.3,685.9],[128.2,685.5],[128.6,685.4],[128.5,685.2],[128.6,685],[128.5,684.9],[128.4,684.7],[128,684.5],[127.8,684.5],[127.7,684.7]]],[[[126.8,686.6],[127,686.8],[126.9,687],[127,687.2],[127.2,686.9],[127.4,687.1],[127.5,686.8],[127.9,687.2],[127.9,686.9],[128.3,686.7],[128.2,686.3],[127.8,686.3],[127.6,686.3],[127.7,686.5],[127.6,686.6],[127.4,686.5],[127.3,686.2],[127,686.2],[126.8,686.6]]],[[[122.6,686.8],[122.6,687],[122.8,687.2],[123.4,686.6],[123.5,686.7],[123.5,686.9],[123.4,687],[123.5,687.3],[123.8,687.2],[124.1,686.9],[124.3,687],[124.4,687.2],[124.8,687],[125.1,687],[125.2,686.9],[125.4,687],[125.7,686.9],[126,687.1],[126.3,687.1],[126.5,686.8],[126.6,686.6],[126.7,686.1],[126.1,686],[125.5,686],[125.2,685.9],[125,685.7],[125.2,685.3],[125.6,685.3],[125.7,684.8],[125.5,684.6],[125.1,684.9],[124.9,684.6],[124.6,684.6],[124.3,684.8],[124.4,685.4],[124.1,685.7],[123.8,685.6],[123.5,685.5],[123.4,685.7],[123.5,685.9],[123.5,686.2],[123.3,686.4],[123.1,686.4],[122.7,686.6],[122.6,686.8]]],[[[121.1,683.8],[121.1,684],[121.3,684],[121.4,683.8],[121.1,683.8]]],[[[119.4,684.9],[119.4,685.3],[119.5,685.4],[119.7,685.1],[119.8,685.1],[120,685.2],[120.4,685.3],[120.7,685.3],[121,685.3],[121.2,685.6],[121.2,685.8],[121.4,685.9],[122.1,685.9],[122.2,685.8],[122.4,685.1],[122.5,685],[122.8,684.9],[123.1,684.6],[122.9,684.2],[122.6,684.1],[122.4,684.2],[122.2,684.8],[122,685],[121.6,685.1],[120.7,685],[120.3,685.1],[120.1,685.1],[119.8,684.8],[119.4,684.9]]],[[[117.4,682.7],[117.4,682.9],[117.8,683.5],[118,683.8],[118.3,683.9],[118.3,684.2],[118.2,684.4],[117.8,684.4],[117.4,684.3],[117.3,684.4],[117.5,684.6],[117.7,685],[118,684.9],[118,685.3],[118.1,685.4],[118.1,684.9],[118.4,684.7],[118.6,684.9],[118.8,684.7],[118.8,684.5],[119.1,684.3],[119.2,684.1],[119.5,684.1],[120,684.2],[120.2,684],[119.8,683.9],[119.6,684],[119.3,683.7],[119,683.8],[119,683.5],[118.8,683.4],[118.9,683.2],[118.8,682.9],[118.5,682.8],[118,682.5],[117.6,682.5],[117.4,682.7]]],[[[114.4,683.9],[114.4,684.1],[114.8,684.3],[114.9,684.2],[114.6,684],[114.4,683.9]]],[[[113.4,683.8],[113.5,684.1],[113.9,684.3],[113.9,684.1],[113.4,683.8]]],[[[114,682.1],[114,682.2],[114.2,682.6],[114.5,682.6],[114.7,682.5],[114.7,682.2],[114.4,681.9],[114.2,681.9],[114,682.1]]],[[[112.2,685],[112,685.6],[112.2,685.5],[112.5,685.5],[112.5,685.2],[112.4,684.9],[112.2,685]]],[[[111.2,685.5],[111.1,685.5],[111.1,685.9],[111.2,686],[111.4,685.9],[111.5,685.6],[111.5,685.5],[111.2,685.5]]],[[[106.8,677.5],[106.6,677.8],[106.7,678.2],[107.1,678.6],[107.3,678.7],[107.8,678.6],[108.1,678.3],[108.1,678.2],[107.8,677.6],[107.5,677.5],[107.3,677.5],[107,677.6],[106.8,677.5]]],[[[101.6,678.4],[101.6,678.5],[101.9,678.9],[102.2,679.2],[102.5,679.3],[102.9,679.8],[103,680.2],[103.1,680.6],[103.6,681.5],[103.8,681.8],[104.3,681.9],[104.4,682],[104.7,682.1],[104.8,682.1],[104.5,681.7],[103.9,681.4],[103.8,681.3],[103.8,680.8],[103.5,680.7],[103.3,680.3],[103.1,679.8],[102.9,679.4],[102.9,679.1],[102.5,678.8],[102.2,678.6],[101.8,678.3],[101.6,678.4]]],[[[101.9,675.4],[101.9,675.8],[101.9,676.2],[102.1,676.2],[102.5,676],[102.4,675.7],[102.1,675.4],[101.9,675.4]]],[[[100.4,676.1],[100.6,676.7],[100.9,676.9],[100.8,676.5],[100.7,676.3],[100.4,676.1]]],[[[100.5,674.3],[100.4,674.6],[100.5,674.7],[100.8,674.7],[100.9,674.5],[100.6,674.2],[100.5,674.3]]],[[[95.8,673.4],[95.9,673.7],[96.1,674],[96.3,674.1],[96.3,673.9],[96.5,673.7],[96.9,673.6],[97.6,674.1],[97.8,674.1],[97.9,673.9],[97.6,673.7],[97.7,673.5],[98.1,673.4],[98.4,673.1],[98.6,673.1],[98.7,673],[98.7,672.8],[98.5,672.5],[98.3,672.5],[97.7,673],[97.5,673.3],[97.4,673.4],[97.1,673.3],[96.7,673.2],[96.3,673.5],[96.2,673.4],[95.8,673.4]]],[[[91.4,667],[91.4,667.4],[91.6,667.4],[91.8,667.3],[91.6,667.1],[91.4,667]]],[[[84.6,660.2],[84.6,660.4],[84.9,660.7],[84.9,660.5],[84.8,660.2],[84.6,660.2]]],[[[80.2,661],[80.3,661.1],[80.6,661.4],[80.8,661.5],[81.1,661.5],[81.2,661.5],[81.2,661.8],[81.3,662],[81.6,662.2],[81.8,661.7],[81.8,661.5],[82,661.3],[82.3,661.2],[82.4,661.2],[82,661],[81.8,660.9],[81.5,661],[81.3,660.9],[81.1,661.1],[80.9,661],[80.8,660.8],[80.4,660.8],[80.2,661]]],[[[78.3,655],[78.2,655.2],[78.4,655.3],[78.8,655.4],[79,655.5],[79.4,656.1],[79.4,656.2],[79.2,656.5],[79.2,656.9],[79.6,657.3],[80.1,657.3],[80.6,657.7],[80.8,657.7],[81.2,657.4],[81.4,657.4],[81.6,657.8],[82.1,658],[82.2,657.9],[81.9,657],[81.8,656.8],[81.6,656.8],[81.5,656.4],[81.4,656.1],[79.8,655.1],[79.3,654.9],[78.3,655]]],[[[344.3,660.4],[344.4,660.6],[344.6,660.7],[344.6,660.3],[344.4,660.2],[344.3,660.4]]],[[[343.6,661.9],[343.7,662],[343.8,662.1],[344.5,662.4],[344.9,662.2],[345,661.7],[344.8,661.7],[344.5,661.2],[343.9,661.6],[343.6,661.9]]],[[[343,662.1],[343.2,662.2],[343.5,661.9],[343.5,661.7],[343.3,661.5],[343,662.1]]],[[[342.7,661.5],[342.9,661.6],[343.2,661.3],[343.5,661.4],[343.9,661.2],[344,661],[343.9,660.8],[343.6,660.1],[343.7,660],[343.3,659.7],[343,659.7],[342.8,659.5],[342.4,659.4],[342.3,659.5],[342.3,659.8],[342.5,660.3],[342.8,660.5],[342.8,660.6],[342.7,660.7],[342.8,661],[342.8,661.3],[342.7,661.5]]],[[[340.8,659.3],[341,659.8],[341.1,659.9],[341.4,660.5],[341.7,660.7],[342,660.9],[341.9,660.3],[342,660.1],[341.8,659.6],[341.9,659.4],[341.8,659.2],[341.5,659.1],[340.9,658.8],[340.7,658.8],[340.8,659.3]]],[[[335.1,651.3],[335.2,651.1],[335,650.9],[335.1,651.3]]],[[[335.1,652.4],[335.1,652.5],[335.4,652.4],[335.7,652.1],[335.7,651.9],[335.3,651.8],[335.2,651.8],[335,652.2],[335.1,652.4]]],[[[334.4,651.7],[334.7,651.9],[334.8,651.8],[334.7,651.5],[334.8,651.3],[334.5,651.4],[334.4,651.7]]],[[[333.4,654.2],[333.6,654.4],[333.7,654.7],[333.9,654.7],[334.3,655],[334.5,654.9],[334.3,654.7],[334.2,654.4],[333.9,654.1],[333.4,653.8],[333.4,654.2]]],[[[332.9,653.3],[333.1,653.5],[333.6,653.6],[333.7,653.7],[334.1,653.9],[334.2,653.9],[334.5,653.6],[334.7,653.5],[334.9,653.3],[334.9,653.1],[334.6,652.8],[334.7,652.5],[334.8,652.3],[334.7,652.2],[334.4,652],[334.1,652],[333.8,652.3],[333.5,652.2],[333.3,652.3],[333,652.6],[333,653.1],[332.9,653.3]]],[[[334.2,660.9],[334.3,661.1],[334.5,661],[334.6,660.8],[334.5,660.6],[334.3,660.7],[334.2,660.9]]],[[[334.5,665.6],[334.8,666.3],[335.1,666.4],[334.9,666.1],[334.8,665.8],[334.6,665.6],[334.5,665.6]]],[[[332.2,659.8],[332.4,660.1],[332.6,659.5],[332.6,659.3],[332.2,659.2],[332.3,659.6],[332.2,659.8]]],[[[332,661.3],[332.2,661.2],[332.8,661.4],[332.9,661.6],[333,661.9],[332.8,662.4],[333.2,662.8],[333.4,662.8],[333.3,662.4],[333.3,662.1],[333.5,661.6],[333.8,661.4],[333.8,661.1],[333.5,661.2],[333.5,661.1],[333.6,660.8],[333.7,660.7],[333.9,660.8],[334.1,660.4],[334.1,660],[333.7,659.8],[333.4,659.9],[333.3,660],[333.3,660.5],[333,660.4],[333,660.7],[332.8,661.1],[332.6,661],[332.6,660.9],[332.8,660.7],[332.7,660.4],[332.6,660.4],[332,660.5],[332,660.7],[332,661.3]]],[[[330.6,657.4],[330.8,657.7],[331.2,657.8],[331.5,657.5],[331.8,656.9],[331.9,656.5],[332,656.6],[332.1,657.1],[332.2,657.3],[332.1,657.6],[332.3,657.7],[332.5,657.5],[332.8,657.5],[333,657.7],[333.2,657.8],[333.1,658],[332.8,658.2],[332.1,658],[331.7,658.3],[331.6,658.7],[332,659],[332.3,659.1],[332.6,659.1],[332.7,659],[332.7,658.8],[332.5,658.6],[332.6,658.5],[333,658.6],[333,658.8],[333.1,658.9],[333.2,659.1],[333,659.2],[333.1,659.4],[333.4,659.5],[333.9,659.6],[334.1,659.7],[334.4,659.5],[334.5,659.9],[334.7,660.1],[334.6,660.2],[335.3,660.7],[335.1,661.1],[334.8,661.1],[334.6,661.3],[334.6,661.6],[334.9,661.7],[334.9,661.9],[334.7,661.9],[334.5,661.7],[334.3,661.6],[334.1,661.7],[333.9,661.9],[333.9,662.4],[334,662.5],[334.2,662.8],[334.4,662.6],[334.7,662.7],[335.1,662.3],[335.2,662.7],[335.4,663],[335.7,663.2],[335.4,663.4],[335.7,663.8],[335.9,663.8],[336,664],[336.1,664.4],[336.3,664.5],[336.9,665],[337.5,665.4],[337.7,665.4],[337.9,665.5],[338.1,666],[338.6,666],[338.9,665.9],[339,665.8],[338.3,664.8],[338.4,664.8],[338.8,665.2],[339,665.2],[339,665],[338.9,664.8],[338.7,664.2],[338.5,664],[338.1,663.9],[337.8,664],[337.7,664.1],[337.9,664.5],[337.8,664.6],[337.5,664.4],[337.3,664.3],[336.8,663.6],[336.6,663.5],[336.6,663.3],[336.3,662.8],[335.9,662.5],[335.5,662],[335.6,661.9],[335.9,661.9],[336.1,662.2],[336.2,662.1],[336.5,662.1],[336.7,662.3],[337,662.6],[336.9,663],[336.8,663.1],[337,663.3],[337.3,663.4],[337.8,663.5],[338,663.2],[338,663],[337.6,662.4],[338,662.1],[337.9,661.8],[338,661.7],[338.2,661.9],[338.1,662.3],[338.1,662.7],[338.2,662.7],[338.3,662.4],[338.4,662.3],[338.5,662.4],[338.6,663.2],[338.5,663.4],[338.6,663.5],[338.9,663.7],[339.3,663.8],[339.6,663.8],[340,664],[340.1,664.3],[339.6,664.3],[339.5,664.8],[339.6,664.8],[339.8,664.6],[340.1,664.6],[340.2,664.8],[340.4,664.8],[340.6,665],[340.8,664.8],[341.4,664.9],[341.9,664.7],[341.9,664.4],[342,663.9],[341.8,663.5],[341.7,663.4],[341.2,662.1],[340.9,662.1],[340.6,662.6],[340.4,662.7],[340.3,662.6],[340.7,662.1],[340.8,661.7],[340.8,661.4],[340.7,661.2],[340.8,661],[340.7,660.6],[340.5,660.3],[340.3,660.2],[340.2,660.5],[340.3,660.8],[340.1,660.9],[339.7,660.9],[339.6,660.7],[339.9,660.7],[340,660.3],[339.9,660.2],[339.5,659.7],[339.2,659.7],[338.9,659.4],[338.9,659.4],[338.4,659.8],[338.2,659.6],[338.7,659.3],[338.5,659.1],[338.2,659.1],[338,658.9],[337.7,659.1],[337.5,659],[337.4,659.4],[337.2,659.4],[337.4,658.8],[337.4,658.6],[338.4,658.8],[338.8,658.8],[339.2,659],[339.3,658.8],[339,658.6],[338.4,658.5],[338.2,658.3],[337.9,657.8],[337.7,657.7],[337.4,657.8],[337.3,657.7],[337,656.9],[336.5,656.5],[336.3,656.3],[335.9,656],[334.8,655.5],[334.7,655.5],[334.4,655.6],[334.3,655.4],[334.2,655.4],[333.8,655],[333.6,655.1],[333.5,654.9],[333.5,654.6],[333.2,654.2],[333.1,654.1],[332.6,653.7],[332.4,653.6],[332.3,653.7],[331.9,653.8],[331.5,653.9],[330.7,654],[330.5,654.1],[330.5,654.5],[330.6,654.8],[330.8,655],[330.6,655.3],[331,655.3],[331.3,655.4],[331.3,655.6],[331.3,655.8],[331,655.7],[331.1,656],[331.3,656],[331.3,656.2],[331,656.2],[330.9,656.4],[330.8,657.2],[330.6,657.4]]],[[[327.1,646.9],[327.2,647.2],[327.3,647.1],[327.5,646.9],[327.4,646.7],[327.2,646.7],[327.1,646.9]]],[[[330.2,658],[330.4,658.3],[330.5,658.4],[330.7,658.4],[330.7,658],[330.6,657.7],[330.4,657.7],[330.2,658]]],[[[328.3,658.6],[328.7,658.8],[328.6,659.1],[328.8,659.2],[328.9,659.1],[329.1,658.7],[329.3,658.4],[329.4,658.3],[329.3,657.6],[329.2,657.6],[329.3,658.2],[329,658.4],[328.8,658.6],[328.7,658.3],[328.4,658.4],[328.3,658.6]]],[[[325.9,651.2],[325.9,651.4],[326.1,651.8],[326.2,652.1],[326.5,652.6],[326.8,652.7],[326.9,652.9],[327,653.4],[327.3,653.3],[327.6,653.4],[327.6,653.9],[327.6,654.2],[327.7,654.6],[327.6,655],[327.7,655.5],[328.1,656],[328.3,656.8],[328.6,657.2],[328.9,657.4],[329.1,657.5],[329.1,657.2],[329.1,656.9],[329.1,656.7],[329.6,656.7],[329.7,656.6],[329.7,656.1],[329.6,655.9],[329.7,655.4],[329.6,655],[329.7,654.6],[329.5,654.4],[329.4,654.3],[329.4,654.1],[329.7,654],[329.6,653.4],[329.3,653.2],[329.6,652.6],[329.9,652.8],[330.1,653.4],[330.4,653.4],[330.8,653.2],[331,653],[331.1,652.7],[331.2,652.6],[331.4,652.8],[332.1,652.7],[332.3,652.6],[332.3,652.3],[332.2,652],[332.9,651.9],[333.4,651.8],[333.7,651.8],[334,651.5],[334.2,651.1],[334.4,651],[334.6,650.7],[334.5,650.6],[334.3,650.6],[334.1,650.4],[334,650.2],[333.4,650],[333.2,649.7],[332.9,649.5],[332.5,649.5],[332.3,649.4],[332.1,649],[331.7,648.6],[331.1,648.2],[330.2,648.4],[330.1,648.6],[329.6,648.6],[328.8,648.5],[328.4,648.6],[327.5,648.6],[327.1,648.9],[327,649],[327,649.3],[327.7,649.7],[327.9,649.9],[327.9,650],[328.2,650.5],[328.6,650.6],[328.8,650.7],[328.7,650.9],[328.5,650.8],[328.3,650.8],[328,650.9],[327.6,650.7],[327.3,650.1],[326.8,650],[326.8,650.2],[326.3,650.3],[326.2,650.6],[326,650.8],[325.9,651.2]]],[[[319.9,639.6],[319.9,639.9],[320.2,640.5],[320.5,641],[320.7,641.2],[320.8,641.3],[321.3,641.8],[321.4,642.1],[321.6,642.5],[321.7,642.7],[322,643.3],[322.3,643.8],[322.4,644.2],[322.4,644.4],[322.4,644.7],[322.7,645],[322.9,645.5],[323.3,645.8],[323.5,646],[323.5,646.2],[324.4,647],[324.3,647.2],[323.9,647.1],[324,647.5],[324.2,647.5],[324.3,647.7],[324.1,647.9],[324,648.1],[324,648.5],[324.3,649.4],[324.6,650],[324.8,650],[325.1,649.9],[325.1,649.7],[325.4,649.3],[325.4,649.1],[325.7,648.8],[326,648.3],[326.1,648],[326.2,647.6],[326.2,647.2],[326.1,647.1],[326.3,646.9],[326.6,647.1],[326.7,647],[327,646.5],[326.9,646.3],[326.5,645.8],[326.8,645.6],[326.5,645.3],[326.3,645.2],[326.1,644.9],[326.1,644.5],[325.6,644.3],[325,643.9],[324.8,643.7],[325,643.5],[324.8,643.2],[324.5,643],[324.2,642.7],[324.3,642.5],[324.5,642.6],[324.8,642.9],[325.2,643],[325.3,643.3],[325.5,643.8],[325.8,644],[326,644.1],[326.3,644.4],[326.6,644.7],[326.7,644.6],[326.5,644.3],[326,643.9],[325.8,643.2],[325.7,643],[325.3,642.7],[324.9,642.1],[324.5,641.9],[324.4,641.6],[323.8,641.2],[323.8,641],[323.8,640.7],[323.7,640.5],[323.5,640.6],[322.9,640.9],[322.6,640.8],[322.3,640.8],[322,640.7],[321.8,641.1],[321.5,641.2],[321.2,640.4],[320.9,640.3],[320.7,640],[319.9,639.5],[319.9,639.6]]],[[[319.3,638.7],[319.5,639],[319.9,639],[320.5,639.7],[320.6,639.6],[320.3,639.2],[319.9,638.9],[319.3,638.7]]],[[[316.9,635.2],[317.1,635.7],[317.2,635.6],[317,635.2],[316.9,635.2]]],[[[319.2,648.7],[319.3,648.9],[319.7,649.1],[319.8,649.3],[320.1,649.6],[320.4,649.3],[320.5,649.4],[320.8,649.3],[320.9,649.7],[320.8,650],[320.9,650.1],[320.7,650.5],[320.7,650.6],[320.9,650.8],[321.2,650.9],[321.4,651],[321.4,651.3],[321.2,651.8],[321.3,652.2],[321.5,652.5],[321.3,652.6],[321.1,652.5],[320.8,652.6],[321.1,652.8],[321.3,653.1],[321.5,653.2],[321.8,653],[322,653.1],[322.2,652.9],[322.3,653],[322.2,653.2],[322.5,653.5],[322.7,653.5],[322.8,653.7],[323,653.6],[323.2,653.7],[323.4,654.1],[323.7,653.8],[324,653.7],[324.1,653.9],[323.9,653.9],[323.8,654.1],[323.8,654.5],[324.3,655.1],[324.7,655.5],[324.9,655.7],[325.3,656],[325.6,656.6],[326.2,656.9],[326.4,656.9],[326.3,656.1],[326,655],[325.8,654.5],[325.6,654.3],[325.5,654],[325.7,653.8],[325.5,653.2],[325.2,652.5],[324.8,651.7],[324.6,651.6],[324.5,651.2],[324.2,650.8],[324.1,650.4],[323.9,650],[323.1,648.6],[322.8,648.3],[322.5,648.3],[322.4,648.1],[322.7,648],[323,648.2],[323.1,648.2],[323,647.8],[322.7,647.3],[322.3,647.3],[321.7,647.5],[321.3,647.5],[321.2,647.3],[321,647.2],[320.6,647.3],[320.6,647.1],[320.2,646.8],[319.9,646.8],[319.8,646.9],[319.6,647.4],[319.7,647.9],[319.6,648.1],[319.4,648.4],[319.4,648.6],[319.2,648.7]]],[[[316.8,640.8],[317,641],[317.2,641],[317.6,640.9],[317.6,640.8],[317.3,640.6],[317,640.6],[316.8,640.8]]],[[[318.8,649.9],[318.7,650.1],[319,650.2],[319,650.4],[319.4,650.4],[319.5,650.5],[319.5,650.7],[319.3,650.9],[319.2,651.2],[319.3,651.9],[319.5,651.9],[320,651.5],[320.2,651.5],[320.3,651.2],[320.2,651],[320.3,650.7],[320.2,650.5],[320.3,650.3],[320.7,650.1],[320.6,649.9],[320.8,649.7],[320.7,649.4],[320.4,649.5],[320.2,649.8],[320,649.7],[319.6,649.2],[319.2,649],[318.9,649],[318.6,649.1],[318.6,649.3],[318.7,649.6],[318.8,649.9]]],[[[314.5,639.5],[314.8,639.7],[314.7,639.4],[314.5,639.5]]],[[[315.2,642],[315.4,642.1],[315.5,642.1],[315.7,641.9],[315.6,641.6],[315.6,641.6],[315.3,641.8],[315.2,642]]],[[[314.2,645.3],[314.6,645.4],[314.8,645.7],[315.3,645.8],[315.6,646.2],[315.7,646.3],[316.1,646.8],[316.1,647],[316.3,647.3],[316.4,647.5],[316.7,647.7],[316.9,647.4],[317,647.5],[317.1,647.7],[317.3,648],[317.5,648],[317.9,648.3],[318.1,648.4],[318.2,648.6],[318.5,648.7],[318.8,648.7],[319.1,648.7],[319.4,648],[319.4,647.6],[319.3,647.4],[319.3,647.1],[319.2,646.9],[319.4,646.7],[319.2,646.6],[319.1,646.7],[318.7,646.6],[318.7,646.4],[319,646.1],[319.5,646.3],[320.7,646.7],[321.3,647],[321.6,647.2],[321.8,647.2],[322.3,647],[322.6,646.7],[322.6,646.6],[322.1,645.7],[321.7,645.3],[321.6,644.8],[321.5,644.6],[321.3,644.7],[321.2,644.9],[320.8,644.9],[320.9,644.7],[321.1,644.6],[321.3,644.3],[321.3,644.2],[320.7,644],[320.4,643.9],[320.2,643.8],[320.2,643.6],[320.9,643.8],[321.2,643.4],[321.1,642.9],[320.9,642.6],[320.6,642.4],[320.2,642.4],[320,642.3],[319.3,642.4],[318.7,642.2],[318.5,642.3],[318.4,642.8],[318.2,643.2],[318.3,643.4],[318.2,643.6],[318,643.7],[317.8,643.3],[318,642.9],[318.2,642.7],[318.2,642.1],[317.7,641.9],[317.2,641.9],[317,641.8],[316.7,641.5],[316.6,641.6],[316.3,642],[316.1,642.4],[315.9,642.4],[315.8,642.3],[315.4,642.4],[315.3,642.5],[315.2,642.8],[315.1,642.9],[314.8,642.6],[314.7,642.2],[314.2,642.3],[314.6,642.9],[314.6,643.3],[314.4,643.5],[314.3,643.8],[314.1,643.8],[314,644.1],[314.2,645.3]]],[[[271.2,632.8],[271.7,632.9],[272,633.1],[272.3,633],[272.3,632.8],[272,632.8],[271.5,632.7],[271.2,632.8]]],[[[265.5,629.4],[266,629.5],[266.3,629.6],[266.5,629.4],[266.5,629.2],[266.3,629.1],[266,629.2],[265.9,629.1],[265.5,629.4]]],[[[265.1,631.1],[265,631.4],[265.1,631.7],[265.6,631.5],[265.8,631.2],[265.4,630.6],[265,630.8],[265.1,631.1]]],[[[265.3,634.7],[265.4,634.9],[266,634.4],[265.9,634.2],[265.6,634.4],[265.3,634.6],[265.3,634.7]]],[[[263.9,638.7],[264.2,638.9],[264.4,638.8],[264.6,638.5],[265,638.5],[265.1,638.3],[265.2,638.1],[265.4,638],[265.5,638.1],[265.8,638],[266.1,637.7],[265.6,637.4],[265.7,637.2],[266,636.9],[266,636.6],[266.1,636.3],[266.7,635.3],[267.1,635],[267.5,634.4],[267.7,634.1],[267.5,634],[267.2,634.2],[267.1,634.1],[267.3,633.7],[266.9,633.8],[266.8,633.5],[266.5,633.7],[266.4,634.3],[266.5,634.4],[266.4,634.5],[266.1,634.9],[266.1,635.2],[265.9,635.4],[265.8,635.8],[265.5,636.1],[265.3,636.4],[265.2,636.6],[264.7,636.9],[264.8,637.1],[264.6,637.2],[264.3,637.6],[264.4,637.9],[264.1,638],[264,638.3],[264.1,638.5],[263.9,638.7]]],[[[263.5,634.9],[263.7,635.1],[264,635.2],[264,635.3],[264.4,635.6],[264.5,635.2],[264.5,634.8],[264.5,634.5],[264.6,634.3],[264.8,633.8],[264.7,633.6],[264.5,633.6],[264.4,633.5],[264.7,633.2],[264.7,633],[264.7,632.6],[264.8,632.4],[264.9,632.2],[264.8,632],[264.6,632.1],[264.2,632.7],[264.2,633],[264.3,633.1],[264.2,633.2],[264,632.9],[263.6,634.7],[263.5,634.9]]],[[[262.9,631],[263.1,631.4],[263.3,631.5],[263.5,631.4],[263.6,631.1],[263.3,630.8],[263.1,630.7],[262.9,631]]],[[[253.8,628.2],[253.8,628.3],[254.1,628],[253.8,627.9],[253.8,628.2]]],[[[252.4,643.3],[252.4,643.5],[252.6,643.6],[252.8,643.5],[252.9,643.1],[253,643],[253,642.7],[252.8,642.6],[252.5,643.1],[252.4,643.3]]],[[[249.3,644.9],[249.3,645],[249.6,645.3],[249.7,645],[249.3,644.9]]],[[[248.5,645.1],[248.5,645.3],[248.7,645.4],[248.8,645.2],[248.5,645.1]]],[[[247.9,644.8],[247.9,645],[248.1,645.1],[248.1,644.8],[248,644.7],[247.9,644.8]]],[[[248,652.7],[248,652.9],[248.1,653.1],[248.3,652.9],[248.4,652.7],[248.4,652.4],[248.3,652.3],[248.1,652.3],[248,652.7]]],[[[247,646.9],[247.3,647],[247.5,646.9],[247.3,646.7],[247,646.7],[247,646.9]]],[[[246.6,635.1],[247.1,634.9],[247.1,634.7],[247.2,634.4],[247.4,634.3],[247.4,634.1],[247.6,633.9],[247.2,633.7],[247.1,633.7],[247,634.5],[246.9,634.6],[246.6,635.1]]],[[[245.8,647],[245.9,647],[246.2,647],[246.6,646.8],[246.6,646.7],[246.3,646.8],[246,646.6],[246,646.8],[245.8,647]]],[[[244.4,636.6],[244.4,636.8],[244.7,637.2],[244.8,637.1],[244.7,636.7],[244.5,636.5],[244.4,636.6]]],[[[241.4,654.1],[241.6,654.3],[241.9,654.2],[242.2,654.2],[242.3,654.4],[242.8,654.6],[243.3,654.7],[243.4,654.7],[243.7,654.6],[244,654.6],[244.2,654.5],[244.2,654.2],[244.5,654.2],[244.7,654.1],[244.8,653.9],[244.9,653.1],[245.1,653.2],[245,653.6],[245.2,653.9],[245.3,653.6],[245.4,653.5],[246,653.5],[246.3,653.5],[246.4,653.4],[246.1,652.7],[246.3,652.5],[246.5,652.5],[246.6,652.8],[246.5,652.9],[246.7,653.1],[247,653.3],[247.2,653.2],[247.6,652.7],[247.6,652.3],[247.6,651.8],[247.5,651.6],[247.1,651.9],[247,652.2],[247,652.5],[246.9,652.5],[246.9,652.1],[247.1,651.5],[246.9,651.2],[246.6,651.6],[246.2,651.1],[246,650.9],[245.9,651],[246,651.3],[245.9,651.5],[245.4,651.6],[245.3,651.6],[245.2,651],[245.3,650.8],[245.6,650.3],[245.8,650.1],[246,649.7],[246,649.3],[245.9,649.3],[245.5,649.4],[245.2,649.6],[245.1,649.6],[245,649.4],[244.8,649.6],[244.6,649.9],[244.6,650.4],[244.8,650.6],[244.5,650.8],[244.3,650.8],[244.1,651.2],[243.6,651.3],[243.8,651.5],[244.1,651.5],[243.9,651.9],[243.6,651.7],[243.4,651.9],[243.6,652.2],[243.4,652.3],[243,652.1],[242.7,652.5],[242.9,652.6],[243.1,652.8],[243,652.9],[242.8,653],[242.4,652.8],[242.3,652.9],[242.2,653.3],[242.4,653.5],[242.5,653.7],[242.3,653.8],[242,653.4],[241.8,653.4],[241.4,654.1]]],[[[240.7,643.1],[240.6,643.3],[240.7,643.6],[240.9,643.7],[241.3,643.7],[241.5,643.5],[241.6,643.4],[241.6,643.2],[241.4,642.9],[241.3,642.9],[240.9,643.1],[240.7,643.1]]],[[[238.1,665.4],[238.1,665.5],[238.7,665.5],[238.7,665.3],[238.6,665.1],[238.4,665.3],[238.1,665.4]]],[[[237.2,666.7],[237.3,666.9],[237.8,667.1],[238.1,667],[238.3,667],[238.8,667],[239,667],[239.3,666.7],[239.4,666.5],[238.8,666.6],[238.6,666.6],[238.5,666.3],[238.4,666.1],[238,666.2],[237.8,666.1],[237.5,666.2],[237.2,666.7]]],[[[235.4,659.8],[235.3,660],[235.5,660.3],[235.3,660.5],[235.5,660.6],[235.7,660.5],[236.1,660.7],[236.3,660.9],[236.4,661.3],[236.5,661.5],[236.5,662.2],[236.5,663],[236.7,663],[237.1,663.2],[237.4,663.6],[237.5,663.8],[237.5,664.2],[237.8,663.9],[237.9,663.6],[238.1,663.6],[238.3,663.3],[238.5,663.1],[238.7,662.8],[238.9,662.3],[239.4,661.9],[239.7,661.6],[239.8,661.7],[239.7,662],[239.5,662.2],[239.3,662.2],[239.2,662.5],[239,662.9],[238.9,663.2],[239.1,663.2],[239.5,663.1],[239.5,663.4],[239.1,663.6],[238.9,663.8],[238.7,664.1],[238.5,664.2],[238.3,664.7],[238.1,665],[238.2,665],[238.7,664.9],[238.7,665],[238.9,665],[239.3,664.8],[239.6,664.2],[239.8,664.3],[240.2,664],[240.2,663.5],[240.6,663.4],[240.8,663.1],[240.9,662.9],[240.7,662.5],[240.6,662.4],[240.3,662.4],[240.4,662.2],[240.7,662.1],[241.1,662.3],[241.1,662.2],[241.7,661.3],[241.9,661.3],[242,661.4],[241.6,661.9],[241.5,662.2],[241.7,662.3],[241.9,662.6],[241.7,662.8],[242,663],[242.3,662.8],[242.4,662.6],[242.3,662.2],[242.6,662],[242.8,662.1],[243.3,661.9],[243.7,661.8],[243.9,661.6],[243.8,661.5],[243.5,661.3],[243,661.3],[242.7,661.4],[242.5,661.4],[242.3,661.2],[242.4,661],[242.9,661.1],[243.3,661],[243.5,660.7],[243.4,660.5],[243.2,660.4],[242.8,660.5],[242.8,660.4],[242.9,660.2],[243.2,660.1],[243.7,660.2],[243.8,660.4],[244.1,660.7],[244.4,660.3],[244.5,660.3],[244.6,660.5],[244.9,660.2],[245,659.7],[244.9,659.5],[244.7,659.4],[244.3,659.1],[244.1,658.9],[243.6,659],[243.8,658.6],[244.1,658.8],[244.4,658.7],[244.5,658.9],[244.7,659],[245,659],[245.2,659.1],[245.4,659.2],[245.6,659],[245.8,659.2],[246.2,659.3],[246.3,658.9],[246.4,658.5],[246.5,658.4],[246.9,657.9],[247,657.7],[246.5,657.6],[246,657.5],[245.9,657.7],[245.8,657.9],[245.6,657.8],[245.8,657.5],[246,657.2],[245.9,657.1],[245.7,657.3],[245.6,657.2],[245.7,656.8],[245.4,656.7],[245.7,656.4],[245.9,656.4],[246.3,656.6],[246.7,656.2],[246.2,656.3],[246.2,656],[246.1,655.9],[245.8,656.1],[245.7,656],[245.8,655.7],[245.6,655.6],[245.5,655.5],[245.6,655.4],[245.8,655.4],[246,655.5],[246.2,655.2],[245.7,655.1],[245.8,654.8],[245.5,654.9],[245.4,655],[245.2,655.4],[244.8,655.2],[244.7,655.5],[244.5,655.8],[244.4,656.1],[244.1,655.8],[243.9,656.1],[243.9,656.7],[243.6,656.6],[243.6,656.5],[243.7,655.9],[244.3,655],[244.4,654.7],[243.8,654.8],[243.7,655.1],[243.1,655],[242.8,655],[242.6,655],[242.2,654.7],[242.2,654.6],[241.9,654.6],[242,655],[242.3,655.2],[242.8,655.7],[242.6,655.8],[242.2,655.5],[242,655.5],[241.2,654.9],[241.1,654.8],[240.9,654.9],[240.8,655.2],[241.2,655.6],[241.5,655.8],[241.8,655.9],[241.8,656],[241.7,656.2],[241.2,655.9],[241.1,656],[241.2,656.3],[241.1,656.9],[240.8,657],[240.8,656.8],[240.8,656.4],[240.7,656],[240.4,655.6],[240,655.5],[239.6,655.7],[239.1,656.2],[239.1,657.1],[239.4,657],[240.2,657.4],[240.3,657.6],[239.4,657.5],[239.4,657.7],[239.6,658],[239.4,658.4],[239.3,658.7],[239.2,658.8],[239.1,658.5],[238.9,658.3],[238.9,657.5],[238.7,657.4],[238.4,657.5],[237.8,657.4],[237.3,657.7],[236.8,658.2],[236.5,658.1],[236.4,658.4],[236,658.7],[235.7,659.2],[235.7,659.7],[235.6,659.9],[235.4,659.8]]],[[[235.1,667.5],[235.3,667.8],[235.5,667.8],[235.9,667.2],[236.4,667],[237,666.6],[237,666.4],[236.8,666.2],[236.4,666.2],[235.6,666.8],[235.1,667.5]]],[[[230.7,672.5],[230.8,672.9],[231.4,673],[231.6,672.6],[231.5,672.3],[231.6,672],[231.5,671.8],[231.2,671.9],[231.1,672.2],[231,672.4],[230.7,672.5]]],[[[226.1,670.6],[226.4,671],[226.5,670.7],[226.7,670.5],[226.6,670.3],[226.5,670.1],[226.2,670.3],[226.1,670.6]]],[[[226,669.3],[226,669.6],[226.1,669.6],[226.1,669.1],[226,669.3]]],[[[223.7,666.3],[223.7,666.4],[224.4,666.4],[224.6,666.3],[225.2,666.3],[224.8,666.1],[224.5,666],[224.1,666],[223.7,666.3]]],[[[221,667.8],[221.3,668.1],[221.5,668],[221.4,667.7],[221.3,667.6],[221,667.8]]],[[[216.1,671.8],[216.3,671.8],[216.4,671.5],[216.6,671.5],[216.9,671.8],[217,671.7],[216.8,671.4],[216.6,671.3],[216.3,671.3],[216.1,671.8]]],[[[215,671.3],[214.8,671.5],[215,671.7],[215.3,671.6],[215.2,671.5],[215,671.3]]],[[[213.6,679.2],[213.6,679.5],[213.9,679.4],[214.1,679.3],[214.1,679],[213.8,678.8],[213.6,678.9],[213.6,679.2]]],[[[213.8,672.2],[214.2,672.2],[214.3,672.1],[214.3,671.9],[214.2,671.7],[214,671.7],[213.8,672.2]]],[[[212.9,678.8],[213.1,678.8],[213.6,678.6],[213.6,677.9],[213.1,677.8],[213,678.1],[213.2,678.2],[213.2,678.4],[213,678.6],[212.9,678.8]]],[[[212.2,679.8],[212.2,680.1],[212.2,680.3],[212.6,680.3],[212.6,680.1],[212.3,679.7],[212.2,679.8]]],[[[212.1,676.7],[212.1,676.8],[212.1,677.3],[212.1,677.9],[212.2,678],[212.5,677.8],[212.7,677.8],[212.8,678],[212.9,677.9],[212.7,677.6],[212.7,677.4],[212.9,677.2],[212.9,676.9],[212.8,676.8],[212.9,676.4],[212.9,676.2],[212.5,676.5],[212.4,676.9],[212.1,676.7]]],[[[211.1,679.7],[211.3,679.9],[211.5,679.8],[211.7,679.8],[211.7,679.6],[211.5,679.5],[211.4,679.6],[211.1,679.7]]],[[[211.2,677.7],[211.1,677.9],[211.2,678.1],[211.4,677.7],[211.6,677.7],[211.8,677.5],[211.8,677.2],[211.3,677.5],[211.2,677.7]]],[[[210.1,675.3],[210.2,675.5],[210.4,675.6],[210.5,675.5],[210.4,675.3],[210.1,675.3]]],[[[209.2,678.6],[209.1,678.9],[209.2,679.1],[209.4,679.1],[209.5,678.7],[209.9,678.2],[210.2,678.1],[210.7,677.6],[210.7,677.3],[210.9,677.2],[211.1,677.4],[211.3,677.2],[211.4,676.7],[211.2,676.7],[211.2,677],[211,676.8],[211.1,676.4],[211.3,676.3],[211.3,676],[211.2,675.8],[210.8,676.6],[210.6,676.7],[210.5,676.4],[210.3,676.5],[210.5,676.8],[210.5,677.1],[210.2,677.2],[210.2,677],[210,676.8],[209.6,677.1],[209.6,677.6],[209.8,677.7],[210,677.6],[210.1,677.8],[209.8,678],[209.6,678.2],[209.3,678.5],[209.2,678.6]]],[[[211.8,647.6],[212,648.1],[212.1,647.9],[212,647.6],[211.9,647.3],[211.8,647.6]]],[[[209.1,674.5],[209.2,674.8],[210,674.9],[210.1,674.4],[209.5,674.2],[209.2,674.3],[209.1,674.5]]],[[[211.3,647.6],[211.5,647.5],[211.6,647.3],[211.4,647.3],[211.3,647.6]]],[[[206.7,675.1],[206.7,675.3],[206.6,676.1],[206.7,676.2],[206.8,676.7],[207,676.2],[207.3,676.1],[207.4,676.4],[207.5,676.5],[208,676.8],[208.3,676.3],[208.1,675.8],[208,675.6],[207.9,675.4],[208,675.1],[208.2,675.1],[208.3,675.2],[208.2,675.4],[208.4,675.5],[208.6,675.5],[208.8,675.6],[208.9,675.8],[209,675.9],[209.2,675.5],[209.1,675],[209,675],[208.7,675.2],[208.3,674.9],[208.3,674.8],[208,674.7],[207.8,675],[207.6,675],[207.7,674.7],[207.6,674.6],[207.4,674.5],[207,674.6],[206.7,675.1]]],[[[208.5,648.1],[208.5,648.5],[209,648.5],[209.3,648.3],[210.4,646.4],[210.3,646.4],[209.6,646.9],[209.3,646.9],[208.7,647.2],[208.5,647.7],[208.5,648.1]]],[[[203.9,675.7],[203.8,675.8],[203.9,676],[204.2,676.2],[204.3,676],[204.3,675.7],[204,675.6],[203.9,675.7]]],[[[202.6,675.5],[202.6,675.7],[202.9,675.7],[203.3,675.7],[203.5,675.3],[203.4,675.3],[203,675.4],[202.8,675.3],[202.6,675.5]]],[[[201.6,676.2],[201.6,676.5],[201.9,676.3],[202.2,676.8],[202.3,676.8],[202.7,676.5],[203,676.7],[203,676.9],[203.2,676.8],[203.1,676.5],[202.8,676.2],[202.6,676.2],[202.4,675.9],[202,675.8],[201.7,675.9],[201.6,676.2]]],[[[198.9,677.5],[198.9,677.8],[199.2,678.3],[199.3,678.3],[199.5,678.2],[199.8,677.9],[199.8,677.3],[199.7,677.1],[199.4,677.1],[198.9,677.5]]],[[[207,606.3],[207,606.5],[207.2,606.7],[207.8,606.7],[208.1,606.8],[208.2,606.7],[208.3,606.4],[208.2,606.1],[208,606],[207.9,606.1],[207.6,605.9],[207.3,606],[207,606.3]]],[[[196.5,681.1],[196.3,681.3],[196.6,681.8],[197,681.6],[197.1,681.7],[197.5,681.9],[197.8,681.9],[198.1,682.2],[198.3,682],[198.5,682.1],[198.7,681.9],[198.4,681.7],[197.9,681.6],[197.8,681.5],[197.7,681.3],[197.3,681.1],[196.7,680.8],[196.5,680.8],[196.5,681.1]]],[[[196,672.9],[195.9,673],[196.1,673.2],[196.2,672.9],[196,672.9]]],[[[186.5,681.7],[186.6,681.9],[187,681.7],[187,681.6],[186.7,681.5],[186.5,681.7]]],[[[184.6,682.2],[184.7,682.4],[185.4,682.7],[185.9,682.6],[186.1,682.4],[186,682.2],[185.7,682.1],[185.6,682.2],[185.1,682],[184.8,682.1],[184.6,682.2]]],[[[183.4,682.2],[183.5,682.3],[183.9,682.3],[184,682.4],[184.1,682.6],[184.5,682.6],[184.5,682.5],[184.4,682.2],[184.1,682.2],[183.6,682.2],[183.4,682.2]]],[[[182.9,682.4],[182.9,682.6],[183.2,682.6],[183.2,682.3],[182.9,682.4]]],[[[182.6,680.6],[182.7,680.8],[183.1,680.9],[182.8,681.1],[182.7,681.6],[183,681.9],[183.1,681.9],[183.5,681.4],[183.9,681.5],[184,681.3],[183.9,681.2],[183.4,681.1],[183.3,680.8],[183.3,680.7],[183.7,680.5],[183.5,680.4],[183.2,680.4],[182.9,680.3],[182.6,680.6]]],[[[180.5,681.1],[180.4,681.3],[180.6,682],[180.9,681.9],[181.3,682],[181.4,682.2],[181.8,681.9],[182,682.1],[182.5,681.9],[182.6,681.6],[182.3,681.7],[182.2,681.3],[182,681.2],[181.8,681.2],[181.6,681],[181.7,680.7],[181.2,680.6],[180.6,680.9],[180.5,681.1]]],[[[179.8,682.3],[179.8,682.5],[180.2,682.6],[180.4,682.6],[180.2,682.4],[179.9,682.3],[179.8,682.3]]],[[[184.2,630.8],[184.5,631.5],[184.4,632],[184.7,632.2],[185,632.6],[185.2,632.9],[185.7,633],[186.1,633.4],[186.4,633.9],[186.8,634.1],[187,634.4],[187.5,634.5],[187.8,634.5],[188.3,634.9],[188.5,635.3],[188.5,635.5],[188.9,635.5],[189,635.4],[188.9,635.1],[189,634.9],[189.4,634.7],[189.8,634.7],[190,634.8],[190.2,634.6],[190.5,634.6],[190.8,634.7],[191.2,634.7],[191.3,634.5],[191.3,634.3],[191.5,634.1],[191.2,634.1],[191.1,634],[191.2,633.7],[191,633.6],[191.1,633.4],[191,633.3],[191.2,633.1],[191.2,632.6],[191,632.5],[191.3,632.2],[191.2,632],[191.1,631.9],[191.4,631.6],[191.4,631.5],[191.3,631.3],[191.1,631.2],[191.1,631.1],[190.7,630.9],[190.2,631.1],[189.8,630.9],[189.7,629.9],[189.4,630.3],[189.1,630.3],[188.7,630.4],[188.3,630.1],[187.9,630.3],[187.8,630.6],[187.3,630.4],[186.7,630.8],[186.8,631.1],[186.6,631.3],[186.3,631.3],[186.2,631.1],[185.8,631.1],[185.6,630.9],[184.7,630.7],[184.4,630.8],[184.2,630.8]]],[[[170.8,686.2],[171,686.5],[171.7,686.9],[171.8,686.9],[171.9,686.6],[172,686.6],[172.5,686.9],[172.8,686.5],[173.1,686.4],[173.2,686.5],[173.5,686.5],[173.6,686.3],[174.4,686],[174.5,686.1],[174.8,686],[174.9,685.9],[175.1,686.1],[175.3,686.1],[175.3,685.9],[175.7,686.2],[175.8,686.1],[176,686.2],[176.1,686.1],[176.3,686.2],[176.5,685.7],[176.8,685.9],[177,685.7],[177,685.5],[177.3,685.7],[177.4,685.3],[177.7,685.3],[177.5,684.9],[178,684.8],[178.1,684.9],[178.9,684.7],[179.1,684.6],[179.6,684.4],[179.9,684.1],[180.1,683.6],[180,683.5],[179.6,683.5],[179.5,683.7],[179,683.8],[178.8,683.8],[178.4,683.9],[178.1,684.1],[177.7,684.2],[177.8,683.9],[178.5,683.6],[178.7,683.4],[179,683.2],[179.5,683.1],[179.6,682.9],[179.7,682.7],[179.4,682.3],[179.2,682.4],[179,682.3],[179,682],[178.6,682.4],[178.5,682.7],[178.3,682.8],[178.2,682.6],[178.1,682.6],[177.9,682.9],[177.6,682.7],[177.6,682.4],[177.7,682.2],[177.9,682.2],[177.9,682],[177.7,681.7],[177.6,681.6],[177.3,681.7],[177.2,681.6],[176.8,681.7],[176.6,681.7],[175.8,681.9],[175.1,682.4],[175,682.7],[175.5,683.4],[175.8,683.3],[176.3,683.7],[176.6,683.8],[176.6,684],[176.3,684],[176.3,684.1],[176.4,684.4],[176.2,684.4],[176.2,684.2],[176,683.9],[175.5,683.8],[175.2,683.9],[175.1,684.1],[175.3,684.2],[175.4,684.4],[175.1,684.5],[175,684.4],[174.7,684.4],[174.6,684.5],[174.6,685],[174.7,685.1],[174.7,685.3],[174.3,685.1],[174.3,685.4],[174.2,685.6],[173.9,685.4],[173.7,685.5],[173.6,685.7],[173.4,685.8],[173.2,685.6],[172.9,685.5],[172.7,685.7],[172,685.8],[171.7,685.7],[171.1,686.1],[170.8,686.2]]],[[[191,586.2],[190.9,586.4],[191,586.8],[191.2,587],[191.5,587.2],[192.1,587.7],[192.5,588.3],[192.7,588.6],[193,588.7],[194.2,589.1],[194.6,589.4],[194.9,589.7],[195.4,589.8],[195.8,589.8],[196,589.9],[196.3,590.2],[196.3,590.4],[196.2,590.6],[195.8,590.8],[195.8,591.2],[195.6,591.4],[195.2,591.4],[195.1,591.6],[194.7,591.5],[194.5,591.4],[194.3,591.2],[194.2,591.3],[194.3,591.6],[194.7,592],[194.8,592.2],[194.7,592.6],[195.2,593.1],[195.5,593.7],[195.5,594],[195.3,594.2],[195.2,594.2],[195,594.8],[195.2,595.5],[195.2,595.6],[195.7,596.1],[195.8,596.2],[196.7,596.6],[197.3,596.8],[198.4,597.3],[199.1,597.7],[199.7,598.1],[200.2,598.1],[200.5,598.1],[201.5,597.7],[202,597.5],[202.4,597.5],[203,597.5],[203.5,597.7],[204.1,597.6],[204.9,597.8],[205.4,598.1],[205.7,598.4],[206,598.8],[206,599.1],[206.2,599.4],[206.4,599.3],[206.5,599.1],[206.8,598.8],[206.8,598.5],[206.5,598.5],[206.3,598.2],[206.1,598.1],[205.9,597.9],[205.9,597.8],[206.3,597.5],[206.5,597.4],[206.5,597.7],[206.8,597.9],[206.9,598.1],[206.9,598.3],[207.2,598.3],[207.4,598.7],[207.4,598.9],[207.5,599.5],[207.4,599.9],[207.5,600.2],[207.7,599.9],[208.1,599.8],[208.3,599.3],[208.2,599.1],[208.6,598.6],[209.3,598.2],[209.7,598],[209.8,597.7],[210,597.5],[210.3,597.5],[210.8,597.5],[211.1,597.4],[211.9,596.9],[212.1,597.1],[212.4,597.2],[212.7,597.2],[212.9,597.1],[213,596.9],[213.3,596.5],[213.6,596.3],[213.7,596],[213.8,596],[213.9,596.2],[214,596.4],[214.3,596.8],[214.5,596.9],[214.7,597.2],[214.9,597.8],[214.8,598.6],[214.8,598.7],[214.2,599.1],[213.8,599.1],[213.9,599.4],[213.9,599.5],[213.7,599.5],[213.1,599.4],[212.8,599.3],[212.6,599.1],[212.3,599.3],[212.1,599.9],[212.5,600],[212.8,600.2],[212.9,600.2],[213,600.5],[213.8,601.7],[213.9,602],[213.9,602.1],[213.8,602.9],[213.9,603.8],[214,604],[214.1,604.5],[214.2,605.1],[214.2,605.6],[214,605.9],[213.6,606.5],[213,607.1],[212.8,607.3],[212.6,607.6],[212.4,607.7],[211.9,607.8],[211.4,607.9],[210.9,607.9],[210.6,607.7],[210,607.8],[209.3,607.7],[209.2,607.5],[209.3,607.4],[209.2,607.2],[209.1,607.2],[208.6,606.9],[208.4,606.8],[208.4,607.3],[208.1,607.5],[207.8,607.9],[207.7,608.1],[207.1,608.8],[206.7,609.2],[206.5,609.3],[206.3,609.3],[206.1,609.3],[206,609.8],[205.7,610],[205.3,610.2],[205.2,610.4],[204.8,610.5],[204.1,610.5],[203.8,610],[203.5,609.7],[203.4,609.6],[203.1,609.5],[202.9,609],[202.8,608.8],[202.2,608.6],[201.9,608.4],[201.7,608.2],[201.3,608.2],[200.5,608.3],[200.2,608.4],[199.9,608.7],[199.3,609.2],[199.3,609.4],[199.4,609.6],[198.9,609.9],[198.6,610.4],[198.2,611.1],[198,611.5],[198,611.7],[198,612.5],[197.9,612.6],[197.6,612.6],[197.3,612.7],[197,613.2],[196.8,613.7],[196.4,614],[196,614.3],[195.8,614.7],[194.1,616.4],[193.7,616.9],[193.6,617.5],[193.6,617.8],[193.7,618.4],[193.9,618.7],[193.8,618.8],[193.5,618.8],[193.3,618.9],[192.9,618.8],[192.6,618.7],[192.1,618.8],[192,618.9],[192.2,619.5],[192.5,619.8],[192.7,619.9],[192.9,620.1],[192.5,620.1],[191.9,620.2],[191.6,620.2],[191.6,619.6],[191.3,620.5],[191.4,621.2],[191.5,621.4],[191.6,621.4],[191.7,621.1],[192,621.1],[192.1,621],[192.3,621],[192.5,621.2],[192.7,621.3],[192.9,621.6],[192.8,621.9],[192.1,622.1],[192.1,622.4],[192.1,622.8],[192.3,623.1],[192.5,623.1],[192.9,623.3],[193.1,623.5],[193,623.8],[192.9,624.2],[192.9,624.4],[192.9,624.8],[193.1,625],[193.6,625.2],[193.8,625.2],[193.8,625],[194.1,624.6],[194.2,624.5],[194.4,624.8],[194.6,624.8],[194.6,625.1],[194.7,625.4],[195.1,625.7],[195.2,625.6],[195.4,625.6],[195.3,625.9],[195,626],[194.7,625.9],[194.3,626.2],[194.3,626.5],[194.5,626.7],[194.8,626.9],[195.2,626.6],[195.3,626.6],[194.9,627.2],[194.8,627.5],[194.8,627.7],[195.1,627.6],[195.1,627.8],[194.9,627.9],[194.6,627.9],[194.6,628.1],[194.8,628.4],[194.8,628.5],[194.6,628.7],[194.4,628.7],[194,628.9],[193.9,629.1],[193.5,629.4],[193,629.3],[192.8,629.5],[193,629.9],[193.4,630.1],[193.7,630.1],[194.3,629.8],[194.5,629.9],[194.6,630],[194.6,630.2],[194.4,630.4],[194.2,630.5],[193.9,630.6],[193.8,630.7],[194,631.1],[194.4,631.6],[194.8,631.9],[195,632.1],[195.4,632.1],[195.5,632.4],[195.5,632.6],[195.8,632.9],[196,633],[196,633.3],[196.3,634.1],[196.5,634.3],[196.6,634.3],[197.1,634.7],[197.3,635],[197.2,635.2],[197,635.2],[196.9,635.3],[196.9,635.5],[197,636],[197.1,636.2],[197.8,636.6],[198.5,636.8],[198.9,636.9],[199.4,636.9],[200.2,636.8],[201,636.7],[201.4,636.7],[201.8,636.5],[202.2,636.3],[202.6,636.2],[202.9,636],[202.9,635.8],[203.1,635.8],[203.3,636],[203.7,636],[203.9,635.8],[204.1,635.5],[204,635.2],[204.1,634.7],[204.3,634.4],[204.6,634.5],[204.7,634.9],[204.9,635.2],[204.9,635.4],[205.1,635.5],[205.2,636.1],[205.4,636.3],[205.5,636.5],[205.4,636.7],[205.5,637],[205.7,637.5],[206.1,638.3],[206.1,638.6],[206.1,639],[206.3,639.5],[206.5,639.8],[206.7,640.4],[206.5,640.6],[206.3,640.6],[206.2,640.8],[206,640.8],[205.9,641.1],[205.5,641.2],[205.5,641.4],[205.3,641.5],[205.1,641.9],[205,642],[205.2,643.1],[205.5,643.8],[205.8,644],[205.7,644.1],[205.8,644.7],[205.8,645.2],[205.8,645.9],[205.7,646.3],[205.3,646.8],[205.2,647.1],[204.9,647.2],[204.7,646.9],[203.9,647.1],[204.3,647.4],[205.2,647.4],[205.6,647.7],[205.6,648.1],[205.9,648],[206.2,647.8],[206.5,647.7],[206.6,647.6],[207.3,647.4],[207.3,647],[207.5,646.7],[208.2,646.4],[209,646],[209.6,645.8],[209.8,646.3],[210.1,645.6],[210.7,645.2],[211.4,644.8],[212.1,644.5],[212.3,645.1],[212,645.5],[212.2,645.5],[212.3,645.9],[212.7,645.8],[212.7,646.2],[212.9,646.3],[213.1,646.1],[213.4,646.3],[213.3,646.5],[213.6,647],[214.1,646.9],[214.2,646.7],[214.1,646.4],[214.3,646.5],[214.5,645.9],[214.8,645.8],[215,645.9],[215.1,646.2],[214.8,646.6],[215.1,646.7],[215.4,646.8],[215.8,647.4],[215.9,647.6],[216.4,648.6],[216.6,649.2],[217,650.3],[217.7,650.6],[218.1,650.5],[218.6,649.9],[218.3,649.3],[218.1,648.7],[218,648.1],[218.1,647.9],[218.3,647.8],[218.5,647.6],[218.4,647.2],[218.5,646.7],[218.8,646.7],[219.2,646.4],[219.6,645.7],[219.8,645.7],[219.6,646.9],[219.4,647],[219.4,647.3],[219.6,647.5],[219.9,647.6],[220.2,648],[220.3,648.5],[220.4,648.7],[220.7,648.9],[221.1,649],[221.5,648.9],[222.3,648.5],[223,648.1],[223.7,648],[223.7,647.8],[224.2,647.7],[224.5,647.5],[224.9,647.4],[225.1,647.3],[225.6,647.1],[225.8,647],[225.9,646.8],[225.9,646.5],[226.1,646.3],[226.2,646.4],[226.2,646.6],[226.2,646.9],[226,647.1],[226.1,647.4],[225.8,647.9],[225.7,648.3],[225.7,648.5],[225.2,648.8],[224.7,649.3],[224.6,649.6],[224.4,649.8],[224,650.1],[223.8,650.3],[223.6,651],[223.4,651.5],[223.5,651.9],[223.9,652.4],[224.1,652.4],[224.3,652.4],[224.1,652.8],[223.5,652.9],[223.2,653.2],[223.1,653.9],[222.9,655.3],[222.7,656.1],[222.5,656.5],[222.5,657.1],[222.5,657.4],[222.9,657.4],[223,657.7],[223,658.2],[222.9,658.4],[222.7,658.3],[222.5,657.8],[222.1,657.9],[221.6,658.3],[221.4,658.4],[221,659],[220.8,659.1],[220.7,659.4],[220.4,659.5],[220,659.6],[219.6,659.9],[219.2,660.3],[218.5,661.2],[218,661.9],[217.8,662.2],[217.7,662.7],[217.7,663.1],[217.9,663.4],[217.8,663.7],[217.7,663.8],[217.4,663.8],[217.2,663.9],[216.9,663.8],[216.6,663.5],[216.5,663.3],[216.2,663.6],[215,664.2],[214.6,664.5],[214.4,664.5],[213.7,664.9],[212.3,665.5],[211.8,666],[211.5,666.3],[211.1,666.5],[210.8,666.6],[210.5,666.8],[210.4,667],[210.2,667.2],[209.7,667.5],[209.5,667.8],[209.4,668.1],[209.2,668.7],[209,669.1],[208.4,669.8],[208.6,669.7],[208.7,669.8],[208.7,670.2],[209.2,670.5],[209.6,670.9],[209.9,671],[209.6,671.3],[209.8,671.6],[209.6,671.7],[209.2,671.4],[208.8,671.4],[208.8,671],[208.8,670.8],[208.6,670.7],[208.1,670.8],[207.8,670.7],[207.5,670.5],[207.5,671.3],[207.9,671.8],[207.9,671.9],[207.4,671.6],[207.2,671.7],[206.7,671],[206.7,670.7],[206.8,670.3],[207.3,670.3],[207.4,669.9],[207.2,669.9],[207.2,669.6],[207.4,669.3],[206.6,669.3],[206.5,669.4],[206,669.3],[205.7,669.3],[204.8,669.5],[203.9,669.7],[203.2,669.9],[202.8,669.9],[202.3,670.4],[201.8,670.6],[201.5,670.7],[201,671],[200.7,671.2],[200.5,671.3],[199.8,672.1],[199.2,672.7],[198.7,673.1],[199,673.1],[199,673.3],[199,673.6],[198.9,673.8],[198.7,673.9],[198.5,673.8],[198.3,673.7],[197.9,674.2],[197.6,674.1],[197.4,674.4],[197.1,674.4],[197,674.6],[197.3,674.6],[197.3,674.8],[197,675.1],[196.7,675.2],[196.2,675.1],[196,675],[195.5,675],[195,675.3],[194.9,675.8],[195,676.1],[194.9,676.6],[195.1,676.8],[194.8,676.8],[194.6,676.7],[194.6,676.9],[194.7,677.1],[194.7,677.3],[194.3,677.4],[194.2,677.4],[194.3,677.1],[194.2,676.5],[193.8,676],[193.8,675.8],[193.3,675.7],[192.9,675.6],[192.7,675.6],[192.3,675.6],[192.1,675.6],[191.8,675.9],[191.4,676.1],[191,676.1],[190.8,676.1],[190.5,676.3],[190.1,676.4],[189.9,676.5],[189.7,676.3],[189.5,676.1],[189.2,676.1],[188.9,676.4],[188.8,676.7],[188.3,677.4],[187.8,678.1],[187.6,678.2],[187.2,678.2],[186.8,678.4],[186.6,678.6],[186.5,678.9],[186.7,679.2],[186.8,679.7],[186.9,680],[187.3,680.2],[187.8,680.3],[188,680.3],[188.7,680.2],[188.9,680.2],[189.3,679.9],[189.4,679.4],[190,679.1],[190.7,678.9],[191.3,678.9],[192.3,679],[192.7,679.1],[193.1,679.3],[193.2,679.2],[193.6,679],[193.9,679.1],[194,678.8],[193.9,678.6],[194.2,678.4],[194.4,678.4],[194.5,678.6],[194.6,678.8],[194.9,679],[195.1,678.8],[195.4,678.9],[195.2,679.1],[195.6,679.3],[195.5,678.6],[195.3,678.4],[195.2,678.2],[195,678.4],[194.5,678.3],[194.4,678.2],[194.3,677.9],[194.7,677.7],[195.1,677.6],[195.5,677.4],[196.1,677],[196,676.7],[195.6,676.3],[195.3,676.2],[195.3,676],[195.5,675.7],[195.9,675.6],[196,675.6],[196.4,675.9],[196.5,676.3],[196.4,676.5],[196.6,677],[196.9,677.2],[197.3,677.2],[197.6,677],[197.6,676.9],[197.8,676.8],[198,676.8],[198.3,677],[198.3,676.7],[198.2,676.3],[198.2,676],[198.3,675.7],[198.4,675.7],[198.2,675.1],[198,675.1],[197.9,674.9],[198,674.6],[198.2,674.3],[198.4,674.3],[198.6,674.3],[198.9,674.8],[198.9,675.3],[198.9,675.5],[199.1,675.6],[199.2,675.9],[199.1,676],[199,675.8],[198.7,675.9],[198.7,676.1],[198.8,676.4],[199.1,676.6],[199.6,676.6],[199.8,676.8],[200,676.8],[200.2,676.5],[200,676.2],[200.1,676],[200.3,675.8],[200.5,675.8],[200.6,675.9],[200.5,676],[200.5,676.2],[200.8,676.5],[201.3,676.3],[201.4,676.1],[201.3,675.9],[201.2,675.7],[201,675.3],[201.1,675.2],[201.3,675.2],[201.6,675.5],[201.8,675.3],[201.8,675.2],[202,674.9],[202.1,674.9],[202.9,674],[202.8,673.8],[202.9,673],[203.4,672.4],[203.5,672.3],[204,672.2],[204.3,672.3],[204.6,672.4],[204.6,672.5],[204.5,672.8],[204,673.3],[203.8,674],[203.6,674.2],[203.6,674.4],[203.9,674.4],[204.3,674.3],[204.6,674.4],[204.5,674.5],[204.7,674.6],[204.9,674.6],[206,674.1],[206.2,673.9],[206.4,673.5],[206.6,673.4],[206.8,673.4],[207,673.6],[206.9,673.9],[207.1,674.1],[207.7,674.1],[207.8,673.7],[207.7,673.6],[207.2,673.4],[207.3,673.3],[207.5,673.2],[207.7,673.4],[208,673.1],[208.1,673.2],[208.2,673.6],[208.3,674],[208.4,674],[208.6,673.8],[208.7,673.5],[208.8,673.2],[209,673],[208.9,672.7],[209,672.5],[209.4,672.7],[209.6,672.7],[210,672.6],[210.3,672.5],[210.7,672.2],[210.8,671.8],[211,671.6],[211.3,671.6],[211.5,671.7],[211.7,671.6],[211.7,671.3],[211.9,671.2],[212.4,671.3],[212.7,671.4],[212.7,671.7],[212.5,672.1],[212.4,672.9],[212.6,672.9],[212.6,673.2],[212.2,673.2],[212.1,673.3],[212.1,673.6],[212.3,673.5],[212.6,673.4],[213,673],[213.1,672.8],[213,672.5],[213.1,672.3],[213.3,672],[213.4,671.3],[213.2,671.1],[213.5,670.9],[213.6,671],[213.5,671.5],[213.6,671.8],[213.7,671.9],[213.8,671.4],[214,671.2],[214.4,671.1],[215.7,670.9],[216.1,670.9],[216.4,670.3],[216.9,670.3],[217,670.4],[216.9,670.7],[216.9,670.8],[217.2,670.8],[217.3,670.7],[217.4,670.3],[217.3,670.1],[217.4,669.6],[217.5,669.4],[217.7,669.5],[217.6,670],[218,670.6],[218.1,670.5],[218.1,670.2],[218.2,670.2],[218.3,670.5],[218.5,670.4],[218.5,670.2],[218.3,670],[218.2,669.7],[218.4,669.6],[218.5,669.9],[218.6,670],[218.6,669.6],[218.7,669.4],[219,669.2],[219.4,669],[219.9,668.7],[219.7,668.6],[219.3,668.8],[219,668.7],[219,668.6],[219.3,668.4],[219.5,668.3],[219.6,668.1],[219.1,667.8],[218.7,667.8],[218.6,667.6],[218.3,667.6],[218.3,667.3],[218.8,666.7],[219.1,666.5],[219.3,666.6],[219.5,666.7],[220,666.8],[220.1,666.5],[220.1,666.3],[220.5,666.4],[221.2,666.7],[221.5,666.4],[221.4,666],[221.1,665.9],[220.6,666],[220.3,666],[220.3,665.9],[220.5,665.7],[220.7,665.7],[221.1,665.3],[221.4,665.3],[221.8,665.1],[221.9,665.1],[222,665.5],[222.1,665.7],[222.5,665.6],[222.8,665.6],[223.1,665.6],[223.2,665.4],[223.1,665.2],[222.8,665.2],[222.7,664.9],[222.8,664.7],[222.9,664.5],[223.4,664.4],[223.4,664.2],[223.2,664.1],[223.2,663.9],[223.3,663.7],[223.6,663.7],[223.9,664],[224,664.2],[224.4,664.5],[224.5,664.4],[224.6,664.3],[224.6,663.9],[225,663.9],[225.2,663.5],[225.3,663.4],[225.6,663.3],[225.6,663],[225.8,663],[226,663.4],[226.2,663.4],[226.3,662.9],[226.8,662.7],[227.3,662.8],[227.3,662.5],[227.5,662.3],[227.9,662],[227.8,661.8],[227.9,661.6],[228.2,661.5],[228.4,661.2],[228.1,660.9],[228.1,660.7],[228.4,660.7],[228.5,660.3],[228.4,659.9],[227.7,660.4],[227.5,660.3],[227.5,660],[227.8,659.9],[228.3,659.5],[228.4,659.3],[228.9,659.1],[229,658.8],[229.1,658.8],[229.3,658.8],[229.5,659.1],[229.9,659.1],[229.7,658.6],[229.8,658.1],[229.9,658],[230.1,658.3],[230.3,658.3],[230.5,658.3],[231.2,658.3],[231.2,657.9],[231.2,657.6],[231.6,657.4],[231.7,657.1],[231.6,656.9],[231.7,656.4],[231.9,656.3],[232.2,656.5],[232.8,657],[233.1,656.9],[233.2,656.6],[233,656.4],[232.9,656.1],[233,656],[233.4,656],[233.8,655.8],[234,655.7],[234.2,655.4],[233.9,655],[234.5,654.5],[234.9,654.4],[235.2,654.4],[235.2,654.6],[235.5,654.6],[235.6,654.4],[235.7,654.2],[236,654.1],[236,654.3],[236.3,654.5],[236.5,654.2],[236.6,654.2],[236.8,654.1],[236.9,653.8],[236.8,653.4],[236.9,653.4],[237.3,653.9],[237.6,653.5],[237.9,653.5],[237.8,653.3],[237.9,653.1],[238,653.1],[238.2,652.9],[238.4,652.3],[238.2,652],[238.1,652],[238.1,651.7],[238.4,651.8],[238.8,651.5],[238.9,651.4],[238.6,651.3],[238.5,651],[238.5,650.7],[238.6,650.6],[239.1,650.5],[239.2,650.3],[239.3,649.6],[239.5,649.6],[239.8,649.6],[240.2,649.6],[240.6,649.3],[240.6,649.1],[240.7,648.9],[241.1,648.7],[241.2,648.7],[241.4,648.5],[241.6,647.6],[241.8,647.4],[241.6,647],[241.5,646.9],[241.4,646.6],[241.2,646.6],[241,646.4],[240.9,646.5],[240.7,646.5],[240.4,646.3],[240.1,645.7],[239.9,645.8],[239.7,645.8],[239.5,645.9],[238.8,645.7],[238.6,645.8],[238.4,646],[238.2,646.2],[238,646],[238,645.8],[238.1,645.5],[238.1,645.3],[237.9,645.3],[237.9,645.1],[238.1,644.9],[238.3,644.6],[238.2,644.2],[238.3,643.9],[238.7,643.6],[238.7,643.5],[238.4,643.5],[238.5,643.3],[238.6,643.1],[238.8,643.2],[239.3,642.9],[239.6,642.9],[240,642.7],[240.1,642.5],[239.9,642.2],[239.8,642],[239.8,641.8],[240.3,641.7],[240.6,641.8],[240.7,641.5],[240.7,641.3],[240.4,641.2],[240.5,640.9],[240.7,641.1],[241,641],[241.1,640.6],[241.1,640.4],[241.1,640],[241.1,639.8],[241.4,640.3],[241.4,640.8],[241.3,641.1],[241.6,641.2],[241.7,641.1],[241.7,640.8],[241.8,640.8],[241.9,641],[242.1,641.1],[242.3,640.9],[242.5,640.7],[242.8,640.6],[243,639.8],[243,639.6],[242.9,639.4],[242.6,639.4],[242.4,639.6],[242.2,639.5],[241.8,639.5],[242.1,639.2],[242.4,639.2],[242.9,639],[243.2,639.1],[243.4,639],[243.7,639],[243.8,638.9],[244.2,638.7],[244.3,638.3],[244.5,637.9],[244.7,637.6],[244.7,637.4],[244.6,637.2],[244.2,636.9],[244.2,636.7],[244,636.6],[243.9,636.3],[243.9,636.1],[244.3,636],[244.4,636.2],[244.7,636.1],[244.8,635.9],[245.1,635.6],[245.4,635.5],[245.5,635.1],[245.7,635],[246,634.7],[245.7,634.5],[245.6,634.3],[245.6,634.1],[245.7,633.8],[245.9,633.5],[246.1,633.2],[246.4,633.2],[246.5,633],[246.7,632.6],[246.8,632.4],[247.2,632],[247.5,631.8],[247.6,631.9],[248,632],[248.1,631.8],[247.7,631.2],[247.6,630.8],[248.3,630],[248.9,629.5],[249.3,629.5],[249.6,629.3],[250.1,629.2],[250.2,629],[250.5,628.4],[250.6,628],[250.9,627.9],[250.9,627.8],[251.1,627.8],[251.4,627.6],[251.8,627.4],[252.1,627],[252.2,627.1],[252.4,627.1],[252.8,627.4],[253.6,627.3],[253.8,627.2],[254.4,627.2],[254.7,627.3],[255,627.1],[254.9,626.6],[255.1,626.1],[255.3,626],[255.5,625.6],[256,625.1],[256.3,625.1],[256.6,625.3],[256.8,625.3],[256.8,625.5],[256.4,625.8],[255.8,626],[255.7,626.5],[255.4,626.6],[255,627.5],[254.6,627.6],[254.4,628],[254.8,628.2],[255.1,628.4],[255.4,628.6],[255.6,628.9],[255.8,629.1],[256.4,629.4],[256.7,629.3],[257.5,629.7],[258,629.6],[258.5,629.8],[258.8,630.2],[258.9,630.4],[258.4,630.1],[257.4,630],[256.5,629.7],[256.3,629.8],[255.7,629.5],[255.4,629.5],[255.3,629.6],[254.9,630.4],[254.7,630.2],[254.4,630.2],[254.3,630.1],[254.1,630.2],[253.8,629.8],[253.4,629.2],[253.3,629.1],[252.4,629.6],[252.1,629.8],[252,630],[251.3,630.7],[250.6,631.3],[250,631.4],[249.6,631.7],[249.3,631.9],[249.3,632.1],[249.5,632.4],[249.6,633.1],[249.9,633.3],[249.8,633.6],[249.8,634.1],[249.8,634.6],[249.5,634.8],[249.5,634.9],[249.5,635.6],[249.4,636.1],[248.9,636.8],[248.6,637.1],[248.3,637.6],[248.1,638.6],[247.9,638.9],[247.9,639.2],[247.7,639.8],[247.7,640],[247.8,640.2],[248.4,640.7],[248.6,640.8],[249.2,640.9],[249.4,640.8],[249.5,640.6],[249.7,640.5],[249.9,640.5],[250.4,640.1],[250.8,639.7],[251.1,639.5],[251.3,639.6],[250.8,640.3],[250.8,640.6],[250.5,640.8],[250.5,640.9],[250.6,641.2],[250.4,641.2],[250.2,641.2],[249.9,641.4],[249.7,641.7],[249.4,641.7],[249.2,641.8],[249.2,642.1],[249.1,642.3],[248.7,642.2],[248.5,642.3],[248.4,642.5],[248.2,642.5],[247.7,642.7],[247.6,642.9],[247.7,643],[247.6,643.2],[247.4,643.4],[247.3,643.6],[247.3,644.1],[247.6,644.1],[247.6,644.3],[247.9,644.5],[248.3,644.4],[248.3,644.7],[248.3,644.9],[248.5,644.8],[249,644.8],[249,644.5],[249.4,644.5],[249.2,644.3],[249.6,644],[249.7,643.8],[249.9,644.1],[250.2,644.4],[250.3,644.3],[250.5,644.2],[250.7,644.4],[251,644.3],[251,643.9],[251.2,643.6],[251.4,644],[251.7,644.1],[251.9,643.8],[251.8,643.5],[251.9,643.4],[252.1,643.1],[252.4,642.9],[252.5,642.5],[252.6,642.4],[252.9,642.5],[253.1,642.5],[253.1,642.3],[253.1,641.9],[252.9,641.7],[253.1,641.2],[253.3,641.2],[253.2,641.5],[253.4,642.1],[253.6,642.2],[253.7,641.7],[253.8,641.4],[254,641],[254.2,641.1],[254,641.6],[253.7,642.6],[253.8,643.1],[254,643.1],[254.1,642.5],[254.3,642.4],[254.3,642.1],[254.8,641.5],[255,641.2],[255.7,640.3],[255.8,640.1],[255.7,639.8],[255.3,639.6],[255.2,639.5],[255.3,639.3],[255.8,639.5],[256,639.7],[256.1,640],[256.3,640.3],[256.5,640.5],[256.6,640],[256.5,639.7],[256.4,638.7],[256.5,638.3],[256.4,637.9],[256.6,638],[256.8,638.3],[256.8,638.5],[256.7,638.8],[256.9,639.4],[257,639.7],[257.4,639.9],[257.4,639.3],[257.1,639.1],[257,638.8],[257.1,638.7],[257.2,638.2],[257.3,638],[257.5,638.1],[257.6,637.6],[257.8,637.5],[257.7,637.3],[257.6,637.2],[257.5,636.6],[257.6,636.4],[257.8,636.4],[258.1,637.6],[258,637.9],[258,638.2],[257.8,638.6],[257.9,638.8],[258.4,638.4],[258.5,637.9],[258.6,637.4],[258.7,637.2],[259.1,636.9],[259.2,636.9],[258.9,637.5],[259,637.7],[259.2,637.6],[259.4,637.7],[259.6,637.5],[259.8,637.5],[260,637.9],[260.2,637.8],[260.2,637.6],[260.4,637.6],[260.7,637.6],[260.8,637.8],[260.9,637.9],[261.2,637.6],[261.3,637.2],[261.4,637.1],[261.5,637.5],[261.7,637.6],[261.9,637.3],[261.8,636.8],[261.9,636.4],[261.9,636.1],[262,635.9],[262.2,636.1],[262.3,636.4],[262.2,636.8],[262.6,637.2],[262.5,637.6],[262.9,637.5],[263.1,637.4],[263.4,637.5],[263.9,637.2],[264,637],[264.1,636.8],[264.2,636.4],[264,636.2],[263.8,635.8],[263.5,635.7],[263.1,635.3],[262.8,635],[262.4,634.9],[262,635],[262,634.9],[262.4,634.5],[262.4,634.3],[262.6,634.3],[262.7,634.6],[262.8,634.7],[263.2,634.7],[263.3,634],[263.4,633.3],[263.2,633],[263.2,632.7],[262.7,632.1],[262.6,632.1],[262.3,632.4],[262.1,632.7],[262.1,633],[261.8,633.1],[261.7,633],[261.7,632.7],[262,632.1],[262.1,632.1],[262.5,631.9],[262.6,631.5],[262.5,630.9],[262.3,630.7],[262,630.7],[261.8,630.8],[261.6,631.5],[261.4,631.4],[261.5,631],[261.4,630.8],[261.1,630.6],[261.2,630.3],[261.3,630.4],[261.5,630.4],[261.7,629.9],[261.7,629.5],[261.8,629.3],[262,628.8],[262,628.2],[262.2,628.2],[262.4,628.7],[262.5,628.7],[262.7,628.3],[262.7,628],[263.3,626.9],[263.4,626.7],[263.6,626.4],[263.7,626.5],[263.5,626.8],[263.5,627.1],[263.1,627.8],[262.9,628.1],[262.9,628.4],[262.5,629.2],[262.4,629.6],[262.3,630.2],[262.3,630.4],[262.8,630.5],[263.2,630.2],[263.2,630.1],[263.8,630.2],[264,630.1],[263.9,629.8],[263.7,629.7],[263.8,629.3],[263.9,629.3],[264.2,629.5],[264.2,629.9],[264.4,629.8],[264.5,629.6],[264.3,628.8],[264.4,627.9],[264.6,627.7],[264.7,627.9],[264.6,628.4],[264.6,629.3],[264.8,629.1],[264.8,628.9],[265,629],[265,629.4],[265.3,629.5],[265.7,629.1],[265.7,628.6],[265.9,628.5],[265.9,628.8],[266.1,628.9],[266.2,628.9],[266.2,628.5],[266.3,628.3],[266.3,628.1],[266.2,627.7],[266.1,627.6],[266.2,627.4],[266.1,627.3],[266.3,627.1],[266.6,627.1],[266.4,627.4],[266.6,627.7],[266.8,628.5],[266.5,628.8],[266.9,628.8],[267,628.7],[267.3,628.4],[267.3,628.2],[267.5,627.9],[267.9,627.7],[268,627.3],[268.1,627.2],[268.6,627.1],[268.9,627],[269,627],[269.4,627],[269.6,627.2],[268.9,627.4],[268.2,627.4],[268,627.7],[268,627.8],[267.9,628.3],[267.8,628.6],[267.8,628.9],[268,629.2],[267.8,629.2],[267.6,629.4],[267.6,629.7],[267.7,629.8],[268,629.7],[268,629.5],[268.2,629.2],[268.3,629.2],[268.7,629.7],[269.3,629.6],[269.5,629.5],[269.8,629.1],[270.1,629],[270.1,629.2],[269.9,629.5],[269.5,629.8],[269.1,630],[268.9,630],[268.7,630.2],[268.5,630.1],[268.1,630.3],[268.3,630.7],[268.5,630.8],[268.7,630.7],[269,630.7],[269.4,630.6],[269.6,630.2],[269.8,630.4],[269.9,630.3],[270,630.1],[270.3,630.2],[270.5,630],[270.6,629.7],[270.8,630],[270.4,630.3],[270,630.9],[270,631.1],[270.5,631],[270.9,630.6],[271.3,630.2],[271.4,630.2],[271.1,630.6],[271,630.8],[271.1,631],[271.3,630.9],[271.5,631],[271.7,630.9],[271.9,631.1],[271.3,631.3],[270.5,631.8],[270,632],[269.7,632.3],[269.4,632.5],[269.1,632.3],[268.8,632.3],[268.6,632.5],[268.4,633.2],[268.4,633.5],[268.7,633.6],[269.1,633.4],[269.2,633.4],[269,633.7],[268.7,633.9],[268.6,634.1],[268.8,634.4],[269,634.4],[269.4,633.9],[269.8,633.6],[270.1,633.4],[270.3,633.4],[270.7,633.1],[271,633.1],[270.9,632.8],[270.7,632.6],[270.1,632.8],[269.9,632.9],[269.8,632.5],[270,632.5],[270.4,632.5],[270.8,632.3],[271,632],[271.8,631.5],[272,631.1],[272.3,631.1],[272,631.7],[271.5,632],[271.4,632.2],[271.4,632.3],[271.8,632.3],[272.3,632.1],[272.9,632.2],[273.3,632.4],[273.3,632.6],[274.4,633.1],[274.9,633.2],[275,633.2],[275.2,632.7],[275.2,632.2],[275.6,632],[275.7,631.8],[275.9,631.8],[275.6,633],[275.6,633.2],[275.9,633.1],[276.2,633.1],[276.5,633.2],[276,633.5],[275.9,633.7],[276.9,633.7],[277.2,633.8],[277.4,633.7],[277.9,634],[278.3,634.4],[278.4,634.2],[278.2,634],[278.4,633.8],[278.5,634],[279.3,634.2],[279.6,634.5],[279.6,634.7],[278.9,634.8],[278.1,635.7],[277.7,636.5],[277.7,637],[278.2,636.3],[278.2,636.1],[279,635.1],[279.7,634.8],[280.3,635],[281,634.6],[281.3,634.4],[282.2,634.2],[283.5,633.8],[284.2,633.5],[284.5,633.4],[285,633.4],[285.7,633.3],[286.9,633.4],[287.4,633.5],[287.9,633.4],[288.3,633.5],[289.1,633.7],[289.7,633.6],[290.4,633.1],[290.5,632.9],[290.3,632.7],[290,632.5],[289.7,632.2],[289.5,632],[289.7,631.9],[290,632.1],[290.1,631.9],[290.3,631.9],[290.3,632.2],[290.8,632.8],[291,633.1],[290.9,633.3],[290.9,633.6],[290.4,633.9],[290.2,633.8],[290.3,634],[290.5,634.2],[292.5,634.7],[292.9,634.9],[293.9,634.9],[294.3,634.9],[295.3,634.8],[295.7,634.5],[295.8,634.3],[297,633.4],[297.2,633.2],[297.2,632.9],[297.4,632.3],[297.7,632.1],[297.6,631.7],[297.7,631.6],[297.7,631.3],[298.1,631.6],[297.9,631.9],[298,632.1],[297.8,632.4],[297.7,632.7],[298.1,633.5],[298.2,633.8],[298.2,634],[298.5,634],[298.5,634.1],[298.3,634.5],[298.4,634.8],[298.3,635],[298.1,634.9],[298.1,634.7],[297.8,634.7],[297.6,635.2],[297.7,635.4],[297.5,635.4],[297.4,635.6],[297.9,635.8],[298.9,636.3],[299.5,636.5],[300.2,636.7],[301.8,637.1],[302.5,637.4],[303.2,637.8],[304.7,638.1],[305.3,638.3],[305.3,638.4],[305.9,638.6],[306.3,638.9],[306.6,639.2],[306.7,639.5],[306.7,639.7],[306.8,639.9],[307.4,640.2],[308,640.6],[308.1,640.9],[308.4,641],[308.5,641],[309,641.2],[309.5,641.5],[310.1,641.8],[310.3,641.8],[310.6,641.9],[311,642.2],[311.3,641.9],[311.6,642],[312.2,642.4],[312.2,642.5],[312.5,642.6],[312.8,642.6],[312.8,642.8],[313,643.1],[313.2,643.1],[313.5,643],[313.5,642.7],[313.4,642.3],[313.5,642.1],[314.2,642.1],[314.2,641.8],[314.1,641.6],[314.2,641.4],[314.5,641.5],[314.5,641.7],[314.7,641.8],[315.2,641.4],[315.4,641.1],[315.1,640.4],[314.9,640.1],[314.7,640],[314.6,639.8],[314.4,639.6],[314.1,638.9],[314,639],[313.7,639],[313.6,639.3],[313.2,639.7],[313.2,639.5],[313.4,639.3],[313.5,638.9],[312.8,638.3],[312.2,638],[311.8,638],[311.5,637.9],[311.4,638],[310.9,637.9],[310.7,637.9],[310.6,637.5],[310.7,637.3],[311,637.6],[311.2,637.4],[311.5,637.5],[311.7,637.7],[311.9,637.6],[312,637.4],[312,637],[312.2,637],[312.2,637.2],[312.6,637.9],[313,638],[313.8,638.3],[314.2,638.2],[314.1,637.3],[313.9,636.8],[313.7,636.7],[313.8,636.5],[314.2,636.8],[314.4,637.4],[314.3,637.6],[314.5,637.9],[314.8,638.1],[314.8,638.4],[315.5,639],[315.5,639.4],[315.7,639.9],[315.4,640.2],[315.5,640.3],[315.9,640.3],[316,640.9],[316.7,640.6],[317,640.2],[317.4,640.3],[317.6,640.4],[317.9,640.2],[318.2,640.7],[318.6,641.1],[319,641.3],[319.2,641.2],[319.5,641.4],[319.8,641.4],[319.6,640.9],[319.6,640.6],[319.7,640.4],[319.6,640.1],[319.3,639.6],[319,639.1],[318.5,638.5],[318.5,638.3],[318.7,638.3],[318.6,638.1],[318,637.3],[317.8,636.9],[317.6,636.7],[317.2,636.2],[317.2,636],[317,635.9],[316.8,635.6],[316.7,635.3],[316.7,635.2],[316.6,635],[316.6,634.6],[316.5,634.5],[316.3,634.5],[315.9,634],[315.1,633.5],[315.5,633.5],[315.9,633.7],[316.3,634],[316.7,634.5],[316.9,634.5],[316.3,633.7],[316,633.5],[315.9,633.2],[315.7,633.2],[315.4,633.1],[315.4,632.9],[316,633],[316.7,633.7],[317.1,634.1],[317.3,634.5],[317.6,635.1],[318.1,636.3],[318.9,637.1],[318.7,636.7],[318.8,636.3],[318.9,636.2],[319.1,636.6],[319.4,637.3],[319.1,637.4],[319.5,637.9],[320.4,638.7],[320.7,639.4],[321.6,640.4],[322.2,640.5],[322.3,640.4],[322.6,640.4],[322.9,640.4],[323.3,640.4],[323.6,640.2],[323.7,640.2],[323.7,639.9],[323.8,639.7],[323.6,639.6],[323.5,639.4],[323.7,639.1],[323.7,638.4],[323.8,638.4],[324,638.8],[324.2,639],[324.1,639.3],[323.9,639.4],[324,639.8],[324,640.2],[324.5,641.1],[325.6,641.9],[326.6,642.8],[326.9,642.8],[326.8,642.3],[326.8,642.2],[327,642.1],[327.2,642.8],[327.6,643],[328.5,643.3],[328.6,643.3],[329.3,643.6],[329.3,643.7],[329,643.6],[328.2,643.4],[327.6,643.4],[327.3,643.3],[327,643.4],[327,643.9],[327.1,644.1],[327.5,644.4],[327.7,644.4],[328,644.2],[328.1,644.4],[328,644.5],[328.1,645],[328.6,645.6],[328.6,645.8],[328.7,645.9],[329.2,646],[329.6,645.9],[329.5,646.3],[329,646.4],[328.9,646.3],[328.7,646.4],[328.6,646.6],[328.6,646.9],[328.9,647.4],[329.9,647.7],[330.2,647.4],[330.4,647.4],[330.5,647.7],[331,647.6],[331.3,647.7],[331.8,647.7],[332,647.3],[332.1,647.3],[332.3,647.6],[332.2,647.9],[331.9,648],[332,648.2],[332.3,648.5],[332.6,648.7],[333,649.1],[333.7,649.3],[334.1,649.4],[334.1,649.5],[334.3,649.8],[334.2,650],[334.4,650.4],[334.8,650.5],[335.1,650.7],[335.2,650.5],[335.4,650.5],[335.6,650.9],[336,651.1],[336.1,651.1],[336.4,651.2],[336.7,651.6],[336.7,651.9],[336.4,651.7],[336.4,651.6],[336.2,651.4],[335.6,651.2],[335.5,651.3],[335.9,652.1],[336.1,652.3],[336.2,652.6],[336,652.6],[335.8,652.4],[335.7,652.4],[335.3,652.6],[335.2,653],[335.3,653.5],[335.1,653.6],[334.9,653.6],[334.8,653.8],[335,654.4],[335.1,654.7],[335.6,655.2],[335.8,654.8],[336,654.9],[336,654.7],[336.2,654.7],[336.4,655],[336.7,655.5],[337,655.6],[337.1,656],[337.3,656.2],[337.5,656.1],[337.4,655.8],[337.5,655.5],[337.7,655.4],[338,655.3],[338.1,655],[337.6,654.3],[337.8,653.8],[338,653.5],[337.9,653.1],[338,653],[338.2,652.9],[338.3,653],[338.3,653.6],[338.3,653.9],[338.1,653.8],[338.1,654.2],[338.4,654.9],[338.6,655.6],[338.6,655.9],[338.5,656.1],[338.2,656.3],[338.4,656.7],[338.3,656.9],[338.1,657],[338.3,657.2],[338.8,658],[339,658.1],[339.5,658.2],[339.9,658.4],[340,658],[339.7,657.4],[339.8,657.3],[340,657.4],[340.2,656.8],[340,656.4],[340,655.6],[339.8,655.5],[339.6,655.2],[339.8,655.1],[340,654.9],[340.2,655],[340.2,655.2],[340.4,655.7],[340.5,655.6],[340.7,655.6],[340.7,655.8],[340.4,656],[340.4,656.2],[340.6,656.4],[340.7,656.9],[340.9,657.1],[341,657.1],[341.1,657.2],[340.9,657.6],[340.7,657.8],[340.5,658],[340.7,658.5],[341.3,658.8],[341.4,658.9],[341.6,659.1],[341.9,659.1],[342.4,659.3],[342.5,659.3],[342.5,659],[342.6,658.9],[343.1,659.5],[343.2,659.5],[343.6,658.9],[343.6,658.6],[343.4,658.4],[343.3,658.2],[343.7,658],[343.8,658.2],[343.8,658.8],[343.7,659.1],[343.7,659.4],[343.9,659.5],[344.2,659.6],[344.4,659.4],[344.7,658.6],[344.6,658.1],[344.5,657.8],[344.6,657.6],[344.9,658.1],[345,658],[344.8,657.7],[344.7,657.6],[344.4,657],[344.2,656.5],[344.4,656.3],[344.4,656.1],[344.1,655.6],[343.9,655.3],[343.4,654.9],[343,654.4],[342.5,654],[341.9,653.7],[342,653.4],[342.3,653.7],[342.8,653.9],[343.8,654.8],[344.1,655.2],[344.5,655.9],[344.7,656.4],[344.8,656.7],[344.8,657.1],[344.8,657.3],[345.2,657.7],[345.4,658.2],[345.2,658.3],[345,658.8],[344.7,659.4],[344.8,659.6],[345.1,659.9],[345.6,660.2],[345.6,660.8],[346,660.9],[346,661.2],[346.4,661.9],[346.4,662],[346.6,662.2],[347,662.3],[347.2,662.1],[347.1,661.7],[347.4,661.8],[347.5,662.2],[347.9,662.4],[348,662.1],[347.9,662],[347.9,661.8],[348.2,661.6],[348.5,661],[348.8,660.2],[349,659.7],[349.1,658.9],[349.1,658.7],[349.1,658.2],[349.1,657.8],[349.4,656.9],[349.3,656.7],[349,656.5],[348.6,655.7],[348.3,655.4],[347.9,654.8],[347.6,654],[347.4,653.8],[347.2,653.4],[347.2,653.1],[347.4,652.9],[347.5,652.1],[347.4,652.1],[347.2,651.3],[346.4,650.6],[345.9,651],[345.3,650.9],[345,651],[344.5,650.2],[344.2,650.3],[343.7,650.3],[342.8,649.8],[341.4,649.9],[340.9,649.7],[339.3,649.4],[338.7,649.1],[337.6,649.6],[337.2,648.8],[336.9,648.5],[336.9,648],[335.6,647.8],[335.5,646.4],[334,646.5],[334.2,645.4],[333.4,644.5],[332.2,643.6],[331.5,642.9],[331.4,642.8],[330.8,642.2],[330,641.3],[328.7,640.4],[327.8,639.2],[326.8,638.5],[326.1,637.8],[326.3,637.4],[325.4,636.9],[324.5,636.4],[323.7,635.6],[323.1,635.5],[321.7,635.1],[321.2,634.7],[321.2,634.4],[320.8,634.3],[320.7,633.8],[320.4,633.5],[320.1,633.2],[319.8,633.3],[319.2,633],[319,632.6],[317.8,632.6],[317.4,632.2],[317.5,631.8],[316.9,631.6],[317,631.4],[317.1,631.2],[316.9,630.5],[316.4,630.1],[316.2,630.1],[315.9,629.9],[315.7,629.6],[315.2,629.5],[314.6,629.1],[313,630.7],[312.1,631.2],[311.5,631.7],[312,631.9],[312.1,632.1],[312,632.7],[311.7,632.9],[311.3,632.9],[311.5,633.6],[311.7,634.3],[311.7,634.5],[311.5,635.4],[310.5,635.7],[310.4,635.9],[309.1,637.4],[308.5,638.4],[308.2,638.5],[308.1,637.8],[307.7,636.9],[307.2,635.9],[304.9,634.4],[303.2,633.4],[302,632.6],[301.7,632.3],[301.4,631.6],[301,631.5],[299.9,631.2],[299.1,630.6],[299.2,628.6],[299.1,628.3],[296.7,629],[295.8,630.5],[293.7,629.9],[293.6,630.7],[292.5,630.5],[291.5,630.4],[291.2,628.9],[290.3,624.2],[289.7,621.2],[289.3,619.2],[288.6,615.6],[287.3,609.1],[285.8,601.6],[284.2,593.6],[282.6,585.5],[281.3,579],[280.3,573.8],[279.3,568.9],[278.4,564],[277.3,558.7],[276.5,554.8],[276.2,554.7],[275.9,554.7],[275.6,554.7],[275.2,554.7],[274.9,554.4],[274.3,554.1],[273.9,554],[273.5,553.9],[273,553.7],[272.5,553.4],[272.1,553.4],[272.1,553.3],[271.8,553],[271,552.6],[270.4,552.4],[269.3,552],[269,552.2],[268.5,552.1],[268.4,552.3],[268,552.4],[267.8,552.6],[267.6,552.5],[267.5,552.7],[267,552.9],[266.9,553.1],[266.7,553.1],[266.6,553.3],[266.1,553.4],[266,553.7],[265.8,554],[265.4,554],[265.1,554],[265.1,554.1],[264.8,554.2],[264.6,554.1],[264.1,554],[263.9,553.9],[263.4,553.8],[263.2,553.7],[263.1,553.5],[262.8,553.5],[262.3,553.2],[262.2,553],[261.6,553.1],[261.4,553.1],[261.1,553],[260.8,552.9],[260.4,553],[260.2,552.9],[259.5,553.1],[259.1,553.1],[258.8,553.4],[258.3,553.4],[258.1,553.2],[258,552.9],[257.8,553.2],[257.6,553.2],[257.3,553.1],[256.8,553.2],[256.6,553],[256.4,552.6],[255.9,552.3],[255.6,552.3],[255.5,552.1],[255.3,552.6],[255.2,552.3],[254.8,552.5],[254.7,552.5],[254.5,552.4],[254.4,552.1],[254,551.6],[253.8,551.6],[253.5,551.8],[253.3,551.7],[253,551.7],[252.7,551.4],[252.4,551.2],[252,551.2],[251.7,551.2],[251.6,551],[251.3,551.2],[251,551.1],[250.6,551.3],[250.4,551.2],[249.9,551.8],[249.8,551.8],[249.5,551.9],[249.1,552.1],[249,551.8],[248.9,551.7],[248.6,551.5],[248.2,551.6],[248.1,551.8],[247.9,551.7],[247.7,551.8],[247.4,551.7],[247.2,552],[246.9,552.4],[246.6,552.5],[246.5,552.3],[246,552.1],[245.7,552],[245.1,552],[244.8,552.1],[244.6,551.9],[244.7,551.7],[245.2,551.5],[245.1,551.4],[245.2,551],[245,551.1],[244.5,551],[244.4,551],[244.1,550.8],[243.7,550.8],[243.5,550.6],[243.2,550.7],[243.1,550.4],[243.1,550],[243.3,549.8],[243.4,549.7],[243.6,549.2],[243.9,549.1],[243.8,548.9],[243.3,548.7],[242.7,548.5],[242.2,548.5],[242,548.4],[241.9,548.5],[241.5,548.3],[241.5,548.2],[240.9,548.2],[240.7,548.3],[240.2,548.5],[239.7,548.5],[239.6,548.5],[239.1,548.5],[239,548.6],[238.8,549],[238.6,549.2],[238.3,549.4],[238.2,549.4],[238.2,549.2],[238.1,549.1],[237.8,548.9],[237.4,549],[237.2,549],[237.2,548.6],[237.1,547.9],[237.3,547.6],[237.1,547.3],[236.7,546.9],[236,546.4],[235.8,546.5],[235.9,546.8],[235.7,546.9],[235.7,546.6],[235.4,546.9],[235.3,547],[235.6,547.3],[235.6,547.6],[235.5,547.7],[235.4,547.4],[235.1,547.5],[234.8,547.9],[234.6,548],[234.7,548.4],[234.7,548.6],[234.3,548.9],[234,548.9],[233.6,548.9],[233.5,548.7],[233.3,547.9],[233.4,547.8],[233.8,547.8],[234,547.6],[234.1,547.3],[234.3,547.2],[234.6,547],[234.7,546.7],[234.5,546.5],[234.5,546.1],[234,545.9],[233.5,546],[233.3,546.1],[233.3,545.8],[233.2,545.5],[232.8,545.4],[232.4,545.3],[231.9,545],[231.9,544.9],[231.9,544.6],[231.6,544.7],[231.2,545.1],[230.7,545.7],[230.3,546.3],[229.9,546.9],[229.5,547.4],[229.2,547.7],[228.4,548.3],[228.1,548.4],[227.6,548.6],[227.3,548.6],[226.7,548.6],[226.6,548.8],[226.4,548.7],[225.9,548.8],[225.1,548.7],[224.5,548.3],[224.5,548],[223.5,548.4],[223.1,548.6],[222.7,549],[222.3,549.3],[221.9,549.8],[221.4,550.3],[220.6,551],[220.2,551.3],[219.6,551.6],[218.9,551.9],[218.2,552.1],[217.7,552.1],[217.5,552],[216.5,551.7],[215.1,552.6],[214.6,553.1],[214.5,553.4],[213.8,554.3],[212.8,555.4],[212.6,555.7],[212.1,557],[212,558.3],[211.8,558.8],[211.7,559.1],[211.4,559.5],[210.8,560.2],[210.5,560.6],[209.8,561.1],[209.5,561.3],[209,561.7],[208.7,561.8],[208.5,561.9],[208.1,562],[206.9,562],[206.4,562],[204.8,562.1],[203.8,561.9],[203.4,561.8],[202.2,561.4],[202.2,561.6],[202.1,562.2],[202,563],[201.8,563.5],[201.7,563.9],[201.4,564.3],[201.3,564.7],[201,565],[200,565.2],[199.7,565.3],[200.4,565.7],[200.8,565.9],[201.2,566.3],[201.5,566.6],[201.7,567],[201.8,567.5],[202.1,567.8],[202.6,568.1],[203.2,568.4],[203.7,568.9],[204.2,569.6],[204.3,569.8],[205.1,570.7],[205.7,571.6],[206.6,572.5],[207,573],[207.1,573.4],[207.4,574.4],[207.5,575],[207.6,575.8],[207.6,576.2],[207.5,576.9],[207.7,577.1],[208.2,577.3],[208.8,577.6],[209.4,577.8],[209.8,578],[210.2,578.4],[210.3,578],[210.5,578.2],[210.7,578.1],[210.9,578.4],[211.3,578.6],[211.7,578.5],[212.1,578.6],[212.5,578.4],[213.3,578.3],[213.6,578.3],[213.9,578.7],[214.1,578.7],[214.4,578.9],[214.5,579.1],[214.5,579.3],[214.3,579.3],[213.9,579.1],[213.7,579.4],[213.5,579.7],[213.4,580.1],[213.2,580.2],[213.1,580.5],[213.2,580.6],[213,581],[213.1,581.1],[213.5,581.9],[214,582.2],[214.2,582.4],[214.1,582.7],[214.8,582.8],[214.8,583],[214.6,583.2],[214.2,583.3],[213.8,583.4],[213.6,583.3],[213.2,582.8],[212.9,582.3],[212.6,581.9],[212.3,581.5],[212.3,581.1],[212.6,580.6],[212.7,580.4],[212.4,580.3],[212.2,580],[212,579.6],[211.9,579.1],[211.8,579],[211.5,579.1],[211.2,579],[211.2,579.1],[210.9,579.2],[210.8,579.6],[210.9,579.8],[211,580.2],[211.1,580.6],[211.3,580.7],[211.8,580.8],[212,581.1],[212.2,581.5],[212.2,581.8],[212.4,582],[212.8,582.7],[212.8,583.3],[212.5,584],[212.9,583.9],[213.3,583.7],[213.9,583.7],[214.4,584],[214.9,584.3],[215.1,584.4],[215.3,584.8],[215.5,585.1],[215.4,585.3],[215.2,585.2],[214.8,585.4],[214.4,585.2],[214.4,585],[213.9,584.9],[213.7,585],[213.4,585.5],[213.3,585.7],[213.1,586],[212.7,586.3],[212.5,586.7],[212.1,586.5],[211.9,586.3],[211.6,586.2],[211.3,586.3],[210.9,586.4],[210.6,586.4],[210.5,586.1],[210.2,586.2],[209.9,586.2],[209.5,585.8],[208.7,585.8],[208.3,585.8],[208.1,585.8],[207.7,585.7],[207.5,585.5],[207,585.4],[206.9,585.6],[206.6,585.6],[206.1,585.5],[206.1,585.3],[205.9,585],[205.8,584.4],[205.4,584.4],[205.2,584.4],[205.2,584.2],[205.7,584.2],[205.8,584.1],[206.1,583.8],[206.2,583.5],[206.1,583.3],[206.1,582.8],[206.3,582.6],[206.6,582.3],[206.7,582],[206.8,581.8],[206.7,581.6],[207.1,581.6],[207,581.4],[206.6,581.2],[205.7,581],[204.8,581],[204.7,581],[203.6,581.1],[202.2,581.5],[201.9,581.5],[201.2,581.7],[199.7,582.2],[197.8,583],[197.1,583.3],[195.9,583.9],[195.4,584.2],[194.7,584.5],[194.1,584.9],[193.2,585.2],[192.5,585.5],[191.6,585.7],[191.1,585.9],[191,586.2]]],[[[164.1,688.5],[164.1,688.7],[164.9,688.5],[165.4,688.3],[165.5,688.5],[165.7,688.5],[165.8,688.1],[166.1,688.1],[166.5,687.9],[166.7,687.7],[167.1,687.7],[167.4,687.6],[167.5,687.4],[168.1,686.9],[168.2,686.7],[168.6,686.3],[169.2,686.2],[169.8,686.1],[170.3,685.8],[170.7,685.7],[170.9,685.6],[171,685.4],[170.9,685.2],[171.2,684.9],[171.4,684.7],[171.3,684.6],[170.9,684.5],[170.6,684.2],[170.6,684.1],[170.5,684],[169.5,684],[168.9,684.3],[168.7,684.4],[168.2,684.8],[168.3,685],[168,685.5],[168.2,685.6],[168.3,686.1],[168.2,686.1],[167.8,685.9],[167.6,685.9],[167.3,685.9],[167.1,685.7],[167,685.8],[166.1,686.3],[165.9,686.5],[165.8,686.8],[166,687.1],[165.8,687.3],[165.3,687.5],[165.3,687.6],[165.3,687.9],[165,688.1],[164.7,688],[164.6,688.2],[164.6,688.4],[164.4,688.5],[164.1,688.5]]],[[[162.9,689],[162.9,689.1],[163.2,689.1],[163.4,689.1],[163.5,688.9],[163.5,688.8],[162.9,689]]],[[[160.9,686.8],[160.9,687],[161.2,687],[161.4,686.7],[161.4,686.4],[161.1,686.4],[160.9,686.8]]],[[[167.8,657.6],[167.9,657.8],[168.2,658],[168.2,658.2],[168.3,658.3],[168.6,658.4],[169.1,658.2],[169.1,657.9],[168.6,657.9],[167.9,657.6],[167.8,657.6]]],[[[161,685.9],[160.9,686.1],[161.1,686.2],[161.2,686.1],[161,685.9]]],[[[159.5,687.5],[159.4,687.6],[159.4,687.9],[159.6,688],[159.9,688],[160,687.9],[160.2,688],[160.6,688.3],[160.8,688.3],[161.1,687.8],[161,687.6],[160.7,687.4],[160.4,687.5],[160.3,687.4],[160.2,687.6],[160,687.6],[159.8,687.5],[159.5,687.5]]],[[[159,687],[159.1,687.2],[159.3,687.4],[159.5,687.3],[159.6,687],[159.4,686.9],[159.2,686.8],[159,687]]],[[[158.3,688.3],[158.4,688.4],[158.9,688.4],[159,688.3],[159,688],[158.7,687.8],[158.5,687.8],[158.3,688.3]]],[[[166.2,652.5],[166.1,652.5],[166.6,652.7],[166.7,652.9],[167.3,652.6],[167.4,652.3],[167.4,652.3],[166.9,652.3],[166.7,652.2],[166.4,652.2],[166.2,652.3],[166.2,652.5]]]]}},{"type":"Feature","properties":{"st":"AL","fips":"01","name":"Alabama","label_x":780,"label_y":447.4},"geometry":{"type":"MultiPolygon","coordinates":[[[[752.2,506.8],[752.3,507],[753.2,507],[754.7,506.5],[755.9,506.4],[756.7,506.6],[757.1,505.8],[756.3,505.3],[756.2,505.8],[755.2,506],[753,506.6],[752.2,506.8]]],[[[745.6,394.6],[746.6,396.2],[747.8,396.9],[747.7,400.9],[747.6,403.3],[747.5,409],[747.3,417.4],[747.1,424.8],[747,429.7],[746.8,440.1],[746.6,448.7],[746.5,454.9],[746.4,461.5],[746.2,468.1],[746.7,472.7],[748.1,483.2],[748.8,489],[749.6,495.3],[750.1,499.9],[750.6,503.7],[751,503.3],[751.9,503.2],[752.2,503.6],[753.3,503.2],[754.5,503.6],[754.8,504.6],[755.5,504.3],[756,504.4],[756.4,503.1],[756.3,501.3],[756.5,500.8],[756.3,499.9],[756.6,499.5],[756.5,498.7],[757,497.5],[756.8,496.7],[757.4,496.5],[757.8,495.7],[758.9,496.2],[759.3,496.2],[759.9,497.1],[759.9,497.8],[760.2,498.6],[759.7,500.2],[760,500.5],[760.4,502],[761.7,502.6],[762.5,503.6],[763.3,504],[763.7,504.5],[763.6,505.2],[762.5,505.4],[761.7,505.8],[761,505.9],[760.1,505.5],[759.6,506.1],[762.2,506.1],[765.8,505.3],[767.8,504.5],[768.5,504.3],[769.1,503.6],[769,503.2],[769.8,502.6],[769.7,502.1],[770.1,501.2],[770.6,501],[771.2,500.5],[771.2,500.1],[770.3,500],[769.8,499.5],[769.5,498.4],[770,497.5],[770.3,495.9],[770,494.8],[767.9,493.9],[767.3,493.5],[766.8,492.5],[765.8,491.8],[765,490.8],[765.2,490.3],[765.7,488.4],[765.4,487.6],[772.3,487],[774.6,486.8],[782.9,486],[783.3,486],[786.2,485.7],[787.1,485.7],[790,485.4],[795.2,484.9],[799.6,484.4],[807.5,483.5],[812.6,482.8],[817.5,482.2],[817.1,481],[816.5,479.8],[816.1,479.6],[815.6,478.8],[814.9,478.1],[814.9,477],[814.5,476],[814.9,475.6],[814.9,474.5],[814.7,474],[815,472.3],[814.8,471.5],[815.2,470.2],[815.2,469.6],[814.8,469],[814.6,467.8],[813.1,466.3],[813.2,465.4],[812.7,464.1],[812.7,463.5],[812.4,462.9],[812.5,461.9],[813.3,460.3],[813.7,458.7],[813.6,456.9],[813.3,455.8],[814.1,454.6],[815,454.1],[814.8,453.6],[815.7,453.5],[815.8,452.8],[816.3,452.5],[815.3,451.7],[813.9,451.3],[813.7,451],[814.1,450.3],[814.1,448.4],[813.6,448.2],[813.2,446.6],[811.9,445.4],[811.3,444.2],[811.3,443.6],[810.7,443],[810.4,442.4],[810.6,442],[810,441.3],[810.3,441],[809.3,440.2],[809.5,439.4],[808.8,439.1],[807.2,433.4],[804.8,424.8],[803.1,418.6],[800.8,410.2],[799.4,405.2],[798.1,400.9],[796.6,395.5],[795.5,391.5],[795.1,390.1],[790.9,390.5],[786.3,390.9],[780,391.5],[777.5,391.8],[771.2,392.4],[760.3,393.1],[755.8,393.5],[749.4,394],[745.5,394.3],[745.6,394.6]]]]}},{"type":"Feature","properties":{"st":"AR","fips":"05","name":"Arkansas","label_x":663.5,"label_y":404.4},"geometry":{"type":"MultiPolygon","coordinates":[[[[622.3,364.9],[623,369.6],[624.3,378.3],[625.6,386.6],[626.3,391],[626.2,395.9],[626.1,403],[626,408.8],[626,415.5],[625.9,423.5],[625.9,432.6],[626.4,432.4],[626.5,433],[627.2,434],[627.8,433.9],[627.7,434.6],[628.4,434.8],[628.5,434.4],[629.4,434.6],[629.6,434],[630.1,434.3],[630.4,433.7],[631,434.5],[631.8,433.6],[632.6,433.9],[633,434.5],[633.4,434.1],[634,434],[634.5,434.5],[634.6,439],[634.8,447.1],[641.1,446.9],[645.7,446.8],[653.9,446.6],[659.3,446.5],[670.6,446.2],[675.9,446],[682.3,445.8],[691.3,445.4],[691.4,445.1],[692.1,444.6],[692.1,444],[690.5,443],[690.8,442.2],[691.5,442.4],[692.3,442.4],[692.8,442.1],[692.8,441.1],[692.4,440.2],[692.7,440.2],[693.2,439.5],[693.3,438.7],[692.7,438.7],[692.4,439.7],[691.7,439.1],[691.4,438.4],[691.4,437.2],[691.7,436.9],[692.9,435.3],[692.9,434.8],[692.3,434.8],[692.2,435.5],[691.6,436.4],[690.5,436.4],[690.1,436.1],[690.1,435.7],[691.4,435.4],[691.7,434.9],[691.6,434.3],[690.9,433.8],[690.6,434.2],[690.7,434.9],[690,435.3],[689.6,435.2],[689.5,434.8],[689.9,434.5],[690.3,433.7],[689.8,433.2],[689.3,432.4],[689.6,432.1],[690.6,432],[691.3,431.4],[691.1,430.7],[690.4,430.2],[689.4,429.9],[689.3,429.4],[689.6,429],[690.6,428.8],[691.3,429.6],[692.1,429.9],[693.1,429.5],[692.9,428.8],[692.3,428.5],[691.7,428.8],[691.2,428.7],[690.8,428.2],[690.8,427.3],[692.6,427],[693.2,427.3],[693.7,427.1],[693.7,426.6],[692.6,426.1],[692.3,425.6],[692.1,425],[692.9,424.1],[693.2,423.4],[693,423.1],[691.9,422.9],[691.6,422.6],[691.7,421.6],[692.4,421.9],[693,421.7],[693.4,422.5],[694,422.5],[694.1,422.1],[693.5,421.3],[694.1,421],[695.1,421.1],[695.5,420.8],[695.4,420.3],[695.7,419.7],[695.5,419.3],[694.7,419.4],[694.2,419.1],[694,418.4],[694.9,417.7],[696,418.3],[696.6,418.1],[696.9,417.7],[696.6,417.2],[695.3,417.3],[694.8,417],[694.3,416.5],[694.3,416.1],[694.9,415.9],[695.4,416.5],[696.1,416.7],[696.2,415.1],[696.6,414.9],[697.5,415.1],[698,414.6],[698.1,414.1],[697.4,413.3],[697.7,412.8],[698.4,412.9],[699,412.7],[698.9,413.8],[699.5,413.7],[699.4,413],[699.7,412.2],[700.4,412.1],[700.8,411.5],[700.9,411.1],[700.6,409.8],[700.8,409.1],[701.5,408.5],[701.4,408],[700.9,407.3],[700.4,406.6],[700.7,405.5],[700.7,404.9],[701.3,405.1],[701.2,406.2],[701.8,406.3],[702.6,405.4],[702.8,404.9],[702.6,404.5],[701.8,404.8],[700.7,404.4],[700.8,403.8],[701.2,403.4],[701,402.7],[701.5,402.3],[702.1,402.9],[702.1,403.3],[701.6,403.9],[702,404.1],[702.7,403.9],[703,403.6],[702.4,402.3],[702.7,401.8],[702.1,400.5],[702.5,400.1],[703,400.2],[703.1,400.8],[702.9,401.2],[703.1,401.6],[704,401.4],[705.3,400.4],[706.2,400],[706.6,399.6],[706.7,398.7],[705.6,397.9],[705.3,397.4],[705.6,396.3],[706.1,396.3],[707.2,396.6],[707.7,395.9],[707.7,394.5],[708.2,394],[709.1,394.3],[709.8,393.8],[709.7,393.4],[709.1,393.1],[709.1,392.5],[709.5,391.9],[709.1,391.3],[707.9,391.1],[707.6,390.5],[707.8,390.1],[708.7,389.9],[709.1,387.9],[708.5,387.4],[707.9,387.6],[708,388.3],[707.2,388.1],[707.4,387.2],[708.1,386.7],[708.4,385.9],[709,385.8],[709.3,386.2],[709.2,386.8],[709.6,387.4],[710.5,386.8],[710.4,386.3],[709.8,385.6],[709.5,385],[709.6,384.1],[710.3,383.7],[711.2,384.1],[711.3,384.6],[712.1,384.7],[712.3,384.3],[712,383.9],[711.5,383.8],[711.2,383.1],[711.3,382.7],[712,382.3],[712.3,382.3],[713,381.8],[713,381.2],[712.4,381.4],[711.6,381.3],[711,380.6],[710.9,379.8],[711.8,378.9],[712.7,378.9],[713.3,379.2],[713.9,378.8],[713.8,378.1],[714.5,377.5],[715.1,377.7],[715.7,377.2],[715.7,376.8],[714.4,376.4],[714.3,375.7],[714.7,375.1],[715.2,375.2],[716,375.9],[716.6,375.6],[716.4,374.6],[715.1,373.9],[714.8,373],[707.3,373.5],[702.6,373.9],[703.1,373.1],[703.6,371.6],[704,371],[705.1,370.3],[705.1,369.8],[706,368.7],[707,368.1],[707.2,367.2],[707.7,367],[708.1,366.2],[707.7,365.9],[708,365],[707.9,364.3],[707.6,364],[707.1,363.9],[706.4,363.5],[706.6,363.2],[706.1,361.7],[695.6,362.3],[687.9,362.8],[682.6,363],[680.2,363.1],[671.7,363.5],[664.9,363.8],[661.8,363.9],[657,364.1],[650.3,364.3],[644.7,364.4],[639.2,364.6],[631.8,364.7],[622.3,364.9]]]]}},{"type":"Feature","properties":{"st":"AZ","fips":"04","name":"Arizona","label_x":292,"label_y":395.2},"geometry":{"type":"MultiPolygon","coordinates":[[[[229.5,418.3],[228.3,419.7],[227.3,420.3],[227.4,420.9],[227,421.5],[227.3,421.9],[226.9,422.5],[226.7,423.1],[232.3,426.5],[236.8,429.2],[245.9,434.7],[250.6,437.5],[257.3,441.5],[262,444.2],[266.8,447],[273.4,450.8],[278.4,453.6],[284.9,457.4],[289.7,460.2],[295.1,463.3],[300.7,464.1],[307.3,465.2],[313.7,466.1],[316.4,466.6],[325.2,467.8],[330.8,468.6],[335.3,469.3],[336.3,462.2],[337.8,451.6],[338.9,443.7],[340,435.5],[341,428.7],[342.1,420.7],[343.6,409.8],[344.5,403],[345.6,395.7],[346.5,388.8],[347.8,379.4],[349,370.7],[349.9,364],[350.9,357.3],[352.1,348.3],[353,342],[353.7,336.6],[343,335.1],[335.7,334],[327.4,332.7],[326.9,332.5],[322.3,331.8],[316.5,330.9],[315.2,330.8],[310.1,329.9],[292.7,327],[284,325.5],[275.9,324],[269.4,322.8],[261.6,321.3],[260.1,329.3],[259,335.5],[258.5,337.9],[258.1,340.1],[257.6,340.3],[255.3,343.7],[254.9,343.5],[253.7,343.6],[253.1,342.7],[252.5,342.3],[252.7,341.9],[252.5,341.1],[251.8,340.1],[251,339.9],[250.4,340.2],[250.2,339.9],[249.3,339.9],[249.3,339.4],[248.2,339.2],[247.2,339.5],[247,339.2],[246.3,339.6],[244.9,339.7],[244.5,340],[244.7,340.8],[244.7,341.5],[244.2,342.4],[244.3,343.4],[244.6,343.9],[244.5,344.2],[245.1,345.3],[244.5,345.6],[244.4,346.2],[244,346.7],[244.1,347.1],[244,347.9],[243.7,348.9],[244,349.5],[243.7,350.4],[244.2,351.5],[243.8,352.2],[243.7,353.2],[243.3,353.6],[243.1,354.2],[243.3,355.7],[243.7,356.2],[243.9,358.3],[243.8,359],[243.7,361.1],[243.8,361.7],[243.5,362.7],[242.9,363],[242.5,362.9],[242,363.4],[242.6,364.1],[242.5,364.5],[241.8,365.1],[241.7,365.7],[241.7,366.2],[241.2,368.8],[241.8,369.7],[241.9,370.7],[242.2,371.4],[242.7,372.3],[243.4,373],[243.5,373.5],[243.9,375.5],[243.7,376],[244,376.6],[244.3,377.6],[244.3,378.1],[243.9,379.2],[244.1,379.5],[244.7,379.5],[245.4,380.3],[245.5,380.8],[245.9,381],[246.5,382],[247.4,382.5],[247.9,383.7],[247.8,384.7],[247.1,384.9],[245.1,386.3],[244.5,386.3],[243.6,386.9],[242.7,387.2],[241.7,387.3],[241.3,387.7],[241.1,388.8],[240.4,389.7],[239.5,390.3],[239,390.4],[238.7,391],[239,391.5],[238.8,392],[239,392.5],[238.4,392.9],[238.3,393.6],[238.4,394.8],[238.2,395.6],[238.4,396],[238.3,396.5],[237.6,396.9],[237.4,398.1],[237,398.8],[237.1,399.7],[236.4,400.1],[236.3,400.4],[235.6,400.7],[234.8,401.6],[234.5,402.2],[233.9,402.5],[233.4,402.2],[232.6,402.5],[232.9,403.5],[232.8,404],[232,404.7],[232.1,405.1],[232.9,405.7],[232.6,406.2],[232.7,406.7],[232.4,408.2],[231.5,409.6],[231.8,410],[232,411.1],[232.6,411],[233.2,411.7],[233.9,411.5],[234.8,411.9],[235,412.2],[235.1,413.4],[235.5,413.8],[235.1,414.2],[235.4,414.8],[235,416.3],[234,416.8],[233.5,417.3],[233.2,418.1],[231.6,418.3],[231.5,418.5],[230.2,418],[229.5,418.3]]]]}},{"type":"Feature","properties":{"st":"CA","fips":"06","name":"California","label_x":155.4,"label_y":290.2},"geometry":{"type":"MultiPolygon","coordinates":[[[[159,384.4],[159.6,385.6],[160,385.6],[160.8,386.2],[160.8,387],[160.5,387.7],[160.8,388.5],[161.2,388.8],[162.4,389],[163.3,389.7],[163.7,389.6],[163.8,389],[163,387.5],[163,387.1],[162.1,386.3],[161.7,386.2],[161.2,385.6],[160.8,385.5],[160.1,384.7],[159,384.4]]],[[[156.4,394.6],[156.7,395.2],[156.7,396.2],[157,396.8],[157.1,397.8],[157.5,398.6],[157.5,399.2],[158.3,400.2],[158.6,400.7],[159.9,400.1],[158,397.3],[157.4,396.1],[157,394.7],[156.4,394.6]]],[[[146.2,368.1],[146.2,368.4],[147,368.7],[147.6,368.7],[147.6,368.3],[147,368.3],[146.2,368.1]]],[[[139.3,384.3],[139.4,385.1],[139.7,385.5],[140.9,386.3],[141.9,386.2],[141.5,385.5],[140.3,384.4],[139.6,384.6],[139.3,384.3]]],[[[137.6,364.4],[137.5,364.8],[138.1,365.6],[137.8,366.1],[137.9,366.8],[138.4,367.2],[139.9,367.9],[140.6,368],[141.8,367.7],[143.2,368],[144.1,367.8],[144.7,367.1],[144,366.6],[143.5,366.6],[142.8,367.2],[141.6,366.8],[141.4,366.3],[140.5,365.7],[139.5,365.5],[138.7,364.8],[137.6,364.4]]],[[[131,364.5],[131.3,364.9],[131.9,366.8],[132.7,367.6],[133.2,367.4],[134.2,367.5],[134.9,367.1],[135.7,367.2],[135.9,366.3],[135.4,366.2],[134.7,365.5],[134.8,364.6],[134.4,364.9],[133.5,364.8],[133.2,364.5],[132.5,364.8],[131.5,364.5],[131,364.5]]],[[[127.4,362.7],[128.1,363],[129,363.7],[130.1,363.8],[129.7,363],[129.4,363],[129.2,362.3],[128.6,362.7],[128.1,362.5],[127.4,362.7]]],[[[112.4,162.3],[112.1,163.7],[111.7,164.8],[111.2,165.7],[110.4,166.8],[110.2,167],[110.9,168.4],[111.2,168.2],[111.5,169.2],[111.3,170.4],[111.5,171.9],[111.3,172.6],[111.4,173.2],[111.2,174],[111.2,175],[111,175.8],[110.4,177.2],[108.8,180.3],[107.6,182],[107.4,182],[107,183],[106.8,184],[107.3,184.3],[107.3,184.8],[107,185.7],[106.2,187],[105.5,188],[103,190.8],[100.8,193],[99.1,195.3],[99,195.6],[98.2,196.7],[98.5,197.9],[98.4,199.8],[97.8,200.9],[98.2,201.9],[99,203.2],[99.6,204],[99.8,204.8],[101,205.8],[101.2,206.8],[101,207.6],[101.6,208.2],[102.2,209.7],[102.4,210.7],[102.7,211.1],[102.8,212.3],[103.6,213.3],[103.5,214.2],[103.2,215.9],[103.5,216.3],[103.6,217],[103.3,218.4],[103.1,218.8],[103.1,220.1],[101.6,222.3],[100.7,224.5],[100.8,225.1],[100.6,226.1],[100.8,226.5],[100.6,227.8],[101.1,230],[101,231.7],[100.6,232.9],[99.7,233.8],[99.5,234.7],[99.7,234.9],[100.3,236.1],[100.4,236.8],[100.9,237.5],[101.1,238.1],[101.7,238.9],[102,239.8],[102.7,240.7],[103,241.2],[103.5,243.3],[103.9,244],[104,244.8],[104.6,245.6],[105,246.4],[105.8,247.1],[106.8,248.4],[107.2,250.8],[106.9,251.6],[106.9,252.2],[107.4,252],[107.9,252.6],[108.3,253.8],[107.7,254.2],[108,255.6],[108,256.1],[107.5,257],[105.9,259.2],[106.2,259.7],[106.7,259],[107.3,259],[108.3,259.4],[109.2,260.4],[109.5,261.6],[110.2,262.4],[110.2,262.9],[110.6,263.3],[111,263.1],[111.5,263.3],[112.8,265],[113.2,265.9],[114.2,265.9],[114.3,265.1],[115.2,265],[114.7,264.3],[114.8,262.8],[115.6,262],[115,261.5],[115.6,260.4],[115.7,259.5],[116.7,259.6],[117.7,259.2],[119.1,260.5],[119.4,261.4],[119.4,262.1],[118.5,262.7],[117.7,262.6],[117.2,262.4],[117.1,263.1],[116.6,263.2],[116,263.8],[116.2,264.5],[117.4,265],[117.5,265.3],[117.2,266.8],[116.6,267.1],[116.5,267.7],[117.5,268.5],[117.6,269.5],[118.7,271.2],[118.7,271.9],[118.5,273.1],[118.7,274.6],[118.6,275.1],[119.5,275.7],[119.7,276.6],[119.1,276.8],[118.6,276.5],[118.1,275.8],[118.2,275.1],[117.5,274.9],[116.9,273.9],[116.5,273.4],[116.3,272.9],[115.6,272.6],[115.4,272.2],[114.7,271.9],[114.5,271.5],[114.8,271.1],[114.5,270.8],[114.9,270.3],[114.9,269.1],[115.3,269],[115.5,267.3],[115.3,266.7],[114.2,266.6],[113.2,266.8],[112.9,269.1],[112.7,270.1],[112.2,271],[111.9,271.2],[111.4,272.8],[111.7,273.5],[112.1,273.5],[112.3,274],[112.2,275.1],[112.5,277],[111.7,279.1],[111.4,279.5],[111.3,280.7],[111.9,281.5],[112.1,282.5],[112,282.9],[112.6,283.1],[112.9,283.5],[113.2,284.6],[113.7,285.9],[114.4,286.9],[115.1,287.7],[115.8,288.1],[116.5,288.2],[116.9,288],[117.5,288.5],[118.4,288.1],[118.8,288.4],[119.4,289.5],[119.6,290.9],[119.9,292.8],[119.2,293.9],[118.8,295.2],[117.8,296.5],[117.1,296.9],[116.4,296],[115.2,296.9],[115.3,297.4],[115.7,297.7],[115.6,298.5],[115.3,298.5],[115.1,299.3],[115.2,300.8],[115.1,301.9],[114.9,302.4],[114.9,303.4],[115,304.1],[115.4,304.5],[115.5,305.2],[115.8,305.7],[116.4,306],[117.3,307.1],[117.8,307.9],[118.4,309.4],[118.4,310],[118.7,310.7],[118.8,311.7],[120,312.6],[120.1,313.4],[120,315.4],[120.7,316.4],[121,317.2],[121.7,318.4],[121.8,319.2],[121.6,320.1],[121.9,321.1],[122.4,321.7],[123.8,322.6],[124.3,323.8],[124.5,324.9],[125.8,327.4],[126.4,327.6],[126.7,328],[127.4,328.2],[127.8,328.7],[127.9,329.4],[127.7,330.4],[127.4,331.2],[126.4,332.8],[126.9,334],[128,335],[129,335.2],[129.6,335.6],[130.3,336.3],[130.5,336.9],[130.2,338.4],[129.7,339.7],[128.5,341.8],[128.9,342],[128.9,342.5],[129.3,342.9],[129.2,343.5],[128.2,345.4],[128.6,346.6],[128.5,347],[127.2,348.8],[127,349.3],[127.3,350],[128,350.2],[129.1,351.3],[129.5,352.6],[129.4,353.2],[131.9,353.6],[132.7,353.6],[135.8,354.2],[136.7,354.8],[138.2,355.2],[139,356],[139.6,356.2],[140.4,357],[141.9,357.2],[143,358],[143.4,358.1],[144.2,357.8],[145.2,358],[146.3,358.4],[146.6,358.9],[147.9,359.8],[148.4,360.4],[148.9,361.4],[149.3,361.5],[150.1,362.7],[150.5,362.9],[150.8,363.5],[150.8,364.4],[151.2,366.2],[151.6,366.5],[152.5,367.6],[153.3,367.9],[154.2,368.4],[155.5,369.6],[157.3,370.4],[158.1,371.4],[158.6,371],[159.4,371],[160.1,371.2],[160.9,371.2],[162,371.5],[162.8,371.6],[163.6,372.1],[164.1,372.9],[164.6,374.5],[165,377],[164.7,377.8],[163.9,378.3],[164.1,379.2],[165,379.5],[166.1,380.5],[167,380.5],[167.6,380.2],[168.2,380.4],[168.6,379.7],[169.4,380.2],[170.1,380.9],[171.4,383],[172.3,384.1],[172.5,384.5],[173.4,385],[174.4,386.2],[174.9,386.6],[175.7,388.2],[175.8,388.8],[176.4,388.9],[177,389.5],[177.5,390.5],[177.6,391],[178.4,391.7],[179.1,392.6],[179.9,394.4],[180.9,397],[181.3,398.3],[181.6,400.4],[181.7,401],[181.6,402.9],[181.5,404.3],[180.7,405],[181,405.9],[180.9,407.1],[180.6,407.7],[180.6,409],[181.6,408.8],[182.2,409.6],[182.4,410.5],[182.2,412.7],[185.7,413.1],[192,413.9],[200.2,414.8],[211,416.1],[217.4,416.9],[224,417.6],[229.5,418.3],[230.2,418],[231.5,418.5],[231.6,418.3],[233.2,418.1],[233.5,417.3],[234,416.8],[235,416.3],[235.4,414.8],[235.1,414.2],[235.5,413.8],[235.1,413.4],[235,412.2],[234.8,411.9],[233.9,411.5],[233.2,411.7],[232.6,411],[232,411.1],[231.8,410],[231.5,409.6],[232.4,408.2],[232.7,406.7],[232.6,406.2],[232.9,405.7],[232.1,405.1],[232,404.7],[232.8,404],[232.9,403.5],[232.6,402.5],[233.4,402.2],[233.9,402.5],[234.5,402.2],[234.8,401.6],[235.6,400.7],[236.3,400.4],[236.4,400.1],[237.1,399.7],[237,398.8],[237.4,398.1],[237.6,396.9],[238.3,396.5],[238.4,396],[238.2,395.6],[238.4,394.8],[238.3,393.6],[238.4,392.9],[239,392.5],[238.8,392],[239,391.5],[238.7,391],[239,390.4],[239.5,390.3],[240.4,389.7],[241.1,388.8],[241.3,387.7],[241.7,387.3],[242.7,387.2],[243.6,386.9],[244.5,386.3],[245.1,386.3],[247.1,384.9],[247.8,384.7],[247.9,383.7],[247.4,382.5],[246.5,382],[245.9,381],[245.5,380.8],[245.4,380.3],[244.7,379.5],[244.1,379.5],[243.9,379.2],[244.3,378.1],[244.3,377.6],[244,376.6],[243.7,376],[243.9,375.5],[243.5,373.5],[243.4,373],[242.7,372.3],[242.2,371.4],[241.9,370.7],[241.8,369.7],[241.2,368.8],[241.7,366.2],[241.7,365.7],[237.1,358.8],[232.2,351.4],[228.8,346.3],[225.1,340.8],[220.1,333.3],[216,327.1],[213.6,323.5],[206.9,313.6],[201.6,305.6],[199.8,302.9],[196.8,298.5],[194.5,295],[189.2,287.1],[184.8,280.4],[182,276.2],[177.5,269.5],[173.7,263.8],[172.7,262.2],[168.2,255.6],[165.2,251],[166.4,245.8],[168.4,238.7],[169.5,234.4],[170.9,229.1],[172.7,222.1],[174.2,216.6],[176.3,208],[178.1,200.9],[180,193.7],[180.7,190.9],[182.9,182.3],[178.1,181.1],[172,179.5],[165.5,177.7],[164,177.3],[160.4,176.3],[156.4,175.1],[151.9,173.8],[149.4,173],[146.7,172.2],[143.1,171.1],[138.7,170],[134.4,168.8],[131.9,168.1],[130.2,167.4],[126.8,166.7],[125.4,166.2],[122.2,165.3],[121.6,165.2],[120.4,164.8],[115.9,163.5],[112.4,162.3]]]]}},{"type":"Feature","properties":{"st":"CO","fips":"08","name":"Colorado","label_x":422.8,"label_y":298.6},"geometry":{"type":"MultiPolygon","coordinates":[[[[366.6,242.5],[365.4,251.5],[364.8,255.6],[364.1,260.8],[363,269],[361.7,277.8],[360.5,286.6],[359.7,292.5],[359.1,296.1],[357.6,306.5],[357.6,309.2],[356.9,313.6],[356.8,315.2],[355.5,324.1],[355,327.7],[353.7,336.6],[361.6,337.6],[368.5,338.5],[378.4,339.8],[383.8,340.4],[393.9,341.6],[394,341.8],[398.7,342.3],[406.4,343.1],[410.2,343.5],[417,344.2],[426.5,345.2],[428.7,345.4],[435.3,346],[441,346.5],[447.1,347],[452.2,347.4],[463,348.2],[465.8,348.4],[469.3,348.7],[471.5,348.9],[477.9,349.4],[483.7,349.8],[484.2,341.3],[484.7,333.5],[485.2,324.9],[485.8,315.2],[486.4,306.7],[486.7,301.2],[487.1,295.1],[487.4,289.5],[487.8,282.2],[488.1,278.5],[488.4,273],[488.9,265.9],[489.2,260.9],[489.6,254.9],[480.7,254.3],[475.2,253.9],[464.1,253.1],[454.3,252.3],[443.4,251.3],[440.2,251.1],[433.2,250.4],[424.9,249.6],[419,249],[416.3,248.7],[412.1,248.2],[405.1,247.4],[398.3,246.6],[391.6,245.8],[384.2,244.8],[380.6,244.4],[376.3,243.9],[369.5,243],[366.6,242.5]]]]}},{"type":"Feature","properties":{"st":"CT","fips":"09","name":"Connecticut","label_x":1001.2,"label_y":196.7},"geometry":{"type":"MultiPolygon","coordinates":[[[[984.4,187.3],[984.6,188.5],[985.6,194.1],[986.2,197.4],[987.5,204.9],[989.1,206.6],[985.5,210.2],[987.3,211.9],[987.4,212.5],[987.5,212.1],[988.1,211.6],[988.8,211.6],[989.2,210.9],[989.8,210.4],[990.8,210],[991,210.1],[991.6,209.7],[992,209],[991.6,208.6],[992.3,208.3],[992.9,207.7],[993.4,207.8],[994.2,206.7],[994.6,206.4],[995.5,206.6],[995.8,205.9],[996.5,204.8],[997.1,204.8],[997.8,203.5],[998.3,203.1],[998.5,202.2],[999,203.4],[999.7,202.9],[1000.2,202.9],[1001.2,202.3],[1002.4,202.5],[1002.6,201.9],[1003.5,201.6],[1004.4,201.5],[1004.9,201.8],[1006.3,200.7],[1007.2,200.5],[1007.5,200.8],[1008.6,200.1],[1009.5,199.8],[1009.6,199.4],[1010.4,199.2],[1010.7,198.5],[1011.6,198.8],[1012,198.8],[1012.3,198.2],[1013.4,198],[1014.3,197.6],[1014.6,197.1],[1015.6,196.9],[1016.2,197.2],[1016.5,196.5],[1016,195],[1016.6,194.7],[1015.4,189.1],[1013.5,182.8],[1013.1,181.1],[1013,180.8],[1008.5,181.8],[1007.3,182.1],[1000.7,183.7],[999.9,184],[997.8,184.3],[996.9,184.7],[996.8,185.4],[996,185.7],[995.8,184.8],[992.7,185.6],[985.3,187.1],[984.4,187.3]]]]}},{"type":"Feature","properties":{"st":"DC","fips":"11","name":"District of Columbia","label_x":939.7,"label_y":274.5},"geometry":{"type":"MultiPolygon","coordinates":[[[[937.2,273.4],[937.8,273.9],[938.3,274],[939.2,275],[939.3,276.4],[941.2,273.6],[938.4,271.7],[937.2,273.4]]]]}},{"type":"Feature","properties":{"st":"DE","fips":"10","name":"Delaware","label_x":963.5,"label_y":262.4},"geometry":{"type":"MultiPolygon","coordinates":[[[[957,250.2],[957.3,251.6],[958,254.1],[960.5,262.9],[963,272.1],[965,279],[969.8,278.2],[974.1,277.3],[976.6,276.7],[976.4,275.9],[975.2,271.9],[974.3,269.4],[973.8,269.2],[973.3,269.4],[972.2,269],[971.3,268.3],[969.4,266.8],[969,265.3],[968.3,264.6],[967.3,264],[966.5,261.8],[966.6,260.6],[966.2,260.2],[966.1,259.5],[965.3,258.7],[965.2,258.3],[964.1,257.8],[963.6,257.3],[962.9,256.3],[962.2,255.9],[961.6,255],[961.8,254.1],[961.7,253],[960.7,252.4],[960.6,251.8],[960.9,251],[961.3,250.8],[961.7,249.9],[962.1,249.9],[962.5,249.2],[962.5,247.9],[963.1,246.9],[961.5,246.5],[960.2,246.6],[959.4,246.9],[958.7,247.4],[958.1,248],[957.4,249.2],[957.2,250.1],[957,250.2]]]]}},{"type":"Feature","properties":{"st":"FL","fips":"12","name":"Florida","label_x":896.5,"label_y":544},"geometry":{"type":"MultiPolygon","coordinates":[[[[923.3,613.4],[924.5,613.3],[924.6,612.6],[924,612.8],[923.3,613.4]]],[[[918,616.7],[918.2,617.2],[918.8,616.7],[919.9,616.2],[921.3,615.2],[922.2,614.7],[922,614.3],[919.8,615.6],[918,616.7]]],[[[903.5,622.4],[903.7,622.8],[904.4,622.5],[906.3,622.1],[906.7,621.7],[907.8,621.2],[908.8,620.5],[909.7,620.1],[909.8,619.6],[911.8,619.1],[912.3,619.6],[915.4,618.1],[915.3,617.9],[914.2,617.3],[913.7,616.3],[913.3,616.1],[912.1,615.9],[910.6,615.4],[909.5,616.1],[908.7,616.8],[908,617.2],[907.8,617.7],[906.1,618.8],[904.6,619.9],[903.7,621.6],[903.5,622.4]]],[[[899.4,623.5],[899.5,623.8],[900.4,623.8],[901.4,623.5],[902,622.9],[901.8,622.6],[901.2,623],[899.4,623.5]]],[[[896,623.5],[896.1,623.8],[897,623.7],[897.3,623.1],[897.2,622.7],[896.3,622.7],[896,623.5]]],[[[886.7,575.1],[887.7,576.5],[887.8,577.2],[888.2,577.5],[889,579.3],[889.4,579.8],[890.4,580.4],[891.6,580.5],[892.7,579.8],[891.7,579.4],[891,579.8],[890.6,579.5],[889.8,579.5],[889.2,579.1],[888.9,578.2],[888,576.3],[887.1,574.9],[886.7,575.1]]],[[[869.4,541.6],[869.6,542.6],[870,542.5],[869.8,541.5],[869.4,541.6]]],[[[879.3,624.3],[879.5,624.5],[880.6,624.4],[880.6,624],[879.3,624.3]]],[[[827.5,509.7],[827.7,510],[829.2,509.2],[829.4,508.6],[828.1,509.4],[827.5,509.7]]],[[[817.5,482.2],[812.6,482.8],[807.5,483.5],[799.6,484.4],[795.2,484.9],[790,485.4],[787.1,485.7],[786.2,485.7],[783.3,486],[782.9,486],[774.6,486.8],[772.3,487],[765.4,487.6],[765.7,488.4],[765.2,490.3],[765,490.8],[765.8,491.8],[766.8,492.5],[767.3,493.5],[767.9,493.9],[770,494.8],[770.3,495.9],[770,497.5],[769.5,498.4],[769.8,499.5],[770.3,500],[771.2,500.1],[771.2,500.5],[770.6,501],[770.1,501.2],[769.7,502.1],[769.8,502.6],[769,503.2],[769.1,503.6],[768.5,504.3],[770.5,503.7],[773,502.9],[773.5,503],[775.8,502.5],[780.7,501],[783.8,500.2],[786.2,499.9],[788.3,499.9],[790.7,499.8],[793,500],[794.6,500.3],[797.4,500.9],[799.3,501.5],[801.9,502.5],[804.1,503.7],[805.1,504.5],[805.9,504.9],[808.2,505.6],[808.3,506],[809.3,506.9],[810.4,507.6],[811,507.6],[812.2,508],[813.1,508.8],[813.9,509.9],[814.4,510.2],[814.6,510.7],[814.7,512.7],[814.5,513.4],[813.8,513.6],[813.3,513],[812.6,511.1],[812.6,509.7],[812.3,509.6],[812.1,510.6],[812.7,512.7],[813.6,513.9],[813.9,514.1],[815.2,513.6],[816.6,513.6],[817.7,514],[818.3,514.5],[819.6,514.8],[820.3,515.3],[821.6,514.8],[822.4,514.3],[823.7,513.3],[825.6,512.2],[827.1,510.5],[826.9,510.2],[825.1,512.1],[823.1,513.1],[821,514.6],[819.8,514.3],[819.6,513.4],[818.3,513.1],[818.2,512.6],[819.5,512.3],[820.3,512.4],[821.1,512.2],[821.7,511.5],[822.2,511.3],[822.5,510.4],[823.3,510.6],[822.9,511.5],[824.5,510.8],[825.6,510],[826.9,508.8],[827.4,508.8],[828.6,507.5],[829.9,506.6],[830.7,506.4],[831.5,505.9],[832,506.4],[833.1,506.6],[833.8,506.3],[833.9,505.8],[833.6,504.6],[833.2,504.4],[833,503.9],[834.3,502.6],[834.7,502.4],[834.7,501.5],[835.4,501.7],[836.2,501.6],[837.1,501.8],[837.7,501.3],[838.5,501.2],[838.9,500.9],[839.7,500.8],[841.7,501.9],[841.7,502],[843.6,502.8],[844,503.1],[844.8,503.1],[847,504.1],[848.1,504.8],[848.7,505.8],[849.4,506.4],[849.5,507.1],[850.7,508.4],[851.6,508.6],[851.9,509],[852.5,509.2],[853.4,509.3],[853.8,510.6],[853.8,511.4],[854.1,512.8],[855,513.1],[855.6,513.6],[856,513.5],[856.5,514.3],[857.6,514.3],[858.1,514.5],[858.6,515.6],[859.2,516.2],[859.5,517.4],[860.4,517.5],[861.2,517.8],[861.6,518.1],[861.4,518.9],[862.1,519.9],[862,520.3],[862.4,520.8],[862.8,520.7],[863.4,519.6],[864.5,519.6],[866.9,519.5],[867.4,519.7],[867.6,520.7],[867.2,520.9],[867.4,521.4],[868.1,521.4],[868.6,521.8],[868.8,522.4],[868.8,523.2],[869.4,523.6],[870.2,524.4],[870.6,525],[869.9,526.4],[870.9,528.5],[870.7,529.4],[871.7,529.8],[871.7,530.9],[872.3,532.2],[872.2,533.7],[872.4,534.7],[872.2,535.4],[872.4,535.7],[871.9,536.7],[872,537.5],[871.6,538.6],[871.7,539.4],[871.5,540.1],[871.2,540.5],[871.3,541.1],[870.7,541.9],[870.5,542.7],[870.9,542.7],[871.2,543.3],[871.4,544.9],[870.6,544.9],[870.7,547.3],[870.5,549.1],[870.7,549.8],[871.2,550.5],[872.1,551.1],[873.2,552.4],[873.5,552.9],[873.6,554.5],[873.9,555],[874.4,554.7],[873.9,553.7],[874,553],[874.7,552.7],[875.3,552.8],[875.6,552.5],[875.7,552],[875.5,551.5],[875.6,550.9],[876.2,549.9],[875.6,548.7],[875,548],[873.9,547.9],[873.1,547.5],[873.7,546],[873.4,545.3],[873.8,545.2],[876,546.4],[876.4,546.3],[877,547.1],[877.2,548.3],[876.8,549.1],[877.8,549.4],[878.6,549.4],[878.6,549],[878.1,548.5],[877.9,547.2],[878.3,546.8],[878.6,547.4],[879.5,547.5],[879.8,547.9],[880.2,548.9],[880.1,549.5],[879.6,550.7],[878.7,551.2],[878.8,551.8],[878.1,552.3],[877,555],[876.5,555.3],[876.5,555.7],[875.9,556.9],[875.4,557],[874.8,557.9],[875.3,558.8],[877.6,561.1],[878.3,561.8],[878.4,562.3],[879.1,562.8],[880.7,565.2],[881.7,567],[884.1,570.2],[885.7,571.9],[886.3,572.8],[886.5,574.3],[886.8,574.3],[886.8,573.2],[887.2,573],[888.2,572.8],[888.8,572.3],[888.4,570.9],[887.8,569.5],[888.6,569.1],[888.9,568.4],[889.7,568.2],[890.1,568.8],[889.6,569.1],[889.7,569.8],[890.4,570],[890.7,571.7],[890.7,573.1],[890.4,574.1],[890.4,575],[890.1,575],[889.6,574.3],[888.6,574.4],[888.5,574.9],[889.5,575.8],[890.4,577.9],[890.7,579.2],[891.7,578.9],[891.4,577.9],[892,578.1],[892.5,577.9],[892.6,578.8],[893.6,579],[893.8,579.4],[895,579.9],[896.1,580.9],[897.1,582.7],[897.6,584],[897.9,585.5],[898.5,587.4],[899.6,589.1],[900,589.4],[900,590.1],[901.7,592.4],[902.1,591.6],[902.9,591.2],[903.9,591.5],[904.7,592],[906.4,592.5],[906.5,592.8],[907.5,592.9],[908.4,593.2],[908.6,593.8],[909.2,594.2],[909.4,595.1],[910.2,594.6],[910.7,594.9],[910.8,595.6],[911.3,596],[911.4,596.5],[912.1,596.8],[912.6,597.7],[913.1,598.1],[913.1,598.8],[914.1,599.6],[914.8,600.8],[914.8,601.3],[915.3,601.4],[915.6,602],[915,602.8],[914.9,603.6],[914.9,605.2],[915.3,605.4],[915.8,606.4],[917.2,607.2],[917.8,606.9],[918.9,606.8],[919.5,606.5],[921,606.1],[920.9,605.6],[921.4,605.3],[922.5,605.1],[922.7,604.8],[924.2,605.4],[924.6,604.9],[924.9,605.2],[925.6,604.7],[925.9,604.2],[927,603.8],[928.4,603.4],[928.8,603],[929.4,603.4],[930,603],[930.6,603.4],[930.3,604.1],[930.4,605.7],[929.9,606.9],[929.1,607.8],[926.9,610.6],[927.1,610.8],[928.7,609.3],[930.1,607.3],[930.9,606.1],[931.6,605.2],[932.5,603.9],[932.9,602.2],[934.8,597.4],[935.1,595.6],[934.8,595.6],[934.3,597.8],[933.9,598],[933.3,599.9],[932.4,600.8],[931.8,601],[931.5,600.3],[932.3,599.6],[932.7,598.5],[932.3,598.2],[932,597.2],[931.6,596],[931.7,595.2],[932,595],[932.1,594.3],[932,593.2],[932.4,592.6],[932.7,591.3],[932.8,590.6],[933,590.2],[933.6,589.9],[934.2,589.9],[934.4,590.3],[934.3,591.1],[934.9,591.5],[934.8,589.7],[935,589],[934.9,587.4],[934.4,584],[934.2,581.7],[934,578.3],[934.1,577.5],[934,575.8],[933.8,573.3],[933.8,570.4],[933.4,567],[933.1,565.9],[933.1,565.1],[932.5,563.8],[930.9,560.3],[929.6,558.3],[929,557.2],[928.8,556.5],[927.9,555.3],[926.2,552.5],[924.9,549.9],[924.4,549.4],[923.7,547.8],[923.1,546.8],[922.1,544.7],[920.3,542.1],[918.6,539.8],[917.6,538.1],[917,537.1],[916.2,535.3],[915.6,533.5],[915.3,532.3],[915.2,531],[915.4,529.9],[915.8,529.2],[916.5,528.6],[915.5,527],[915,525.8],[913.9,524.8],[913.1,523.9],[911.6,522.3],[909.5,519.8],[907.2,517],[906.4,515.8],[905.5,514.9],[904.9,514.1],[902.6,510.7],[900.5,507.1],[899.4,505.3],[897.1,501.3],[896.7,500.3],[896.2,498.6],[895.8,497.7],[895.4,497.1],[894.9,496.2],[893.3,491.8],[892.3,489.3],[891.8,487.8],[891.6,486.4],[891.3,486],[891,484.6],[890.2,484.2],[890.4,483.7],[890.1,483],[890,481.9],[889.9,479.6],[889.5,479.4],[888.6,479.1],[887.8,479.3],[887.6,479.6],[884.4,479.3],[883.9,479.4],[882.9,478.9],[882.6,479.1],[882,478.6],[881.4,478.8],[880.8,478.7],[880.1,478.2],[879.8,478.3],[879,478.2],[878.6,479.5],[878,479.2],[878,479.9],[877.5,480.3],[877.7,481.3],[877.5,482],[877.6,482.5],[878.6,483.8],[878.8,484.5],[878.7,485.5],[878.9,486.6],[878.6,487.6],[878.7,489.3],[877.7,489.5],[877.5,489.3],[876.2,489.7],[875.7,489.3],[875.2,488.3],[875.2,486.9],[874.5,486.2],[874.3,485.6],[874.6,485],[867.4,485.5],[861.2,485.9],[856.1,486.3],[848.6,486.8],[846.3,486.9],[837.3,487.6],[827.6,488.2],[821,488.7],[820.3,487.8],[819.9,487.8],[819.3,486.3],[819.4,485.8],[819.1,484.8],[818,483.7],[818,483],[817.5,482.9],[817.5,482.2]]]]}},{"type":"Feature","properties":{"st":"GA","fips":"13","name":"Georgia","label_x":847.9,"label_y":437.2},"geometry":{"type":"MultiPolygon","coordinates":[[[[795.1,390.1],[795.5,391.5],[796.6,395.5],[798.1,400.9],[799.4,405.2],[800.8,410.2],[803.1,418.6],[804.8,424.8],[807.2,433.4],[808.8,439.1],[809.5,439.4],[809.3,440.2],[810.3,441],[810,441.3],[810.6,442],[810.4,442.4],[810.7,443],[811.3,443.6],[811.3,444.2],[811.9,445.4],[813.2,446.6],[813.6,448.2],[814.1,448.4],[814.1,450.3],[813.7,451],[813.9,451.3],[815.3,451.7],[816.3,452.5],[815.8,452.8],[815.7,453.5],[814.8,453.6],[815,454.1],[814.1,454.6],[813.3,455.8],[813.6,456.9],[813.7,458.7],[813.3,460.3],[812.5,461.9],[812.4,462.9],[812.7,463.5],[812.7,464.1],[813.2,465.4],[813.1,466.3],[814.6,467.8],[814.8,469],[815.2,469.6],[815.2,470.2],[814.8,471.5],[815,472.3],[814.7,474],[814.9,474.5],[814.9,475.6],[814.5,476],[814.9,477],[814.9,478.1],[815.6,478.8],[816.1,479.6],[816.5,479.8],[817.1,481],[817.5,482.2],[817.5,482.9],[818,483],[818,483.7],[819.1,484.8],[819.4,485.8],[819.3,486.3],[819.9,487.8],[820.3,487.8],[821,488.7],[827.6,488.2],[837.3,487.6],[846.3,486.9],[848.6,486.8],[856.1,486.3],[861.2,485.9],[867.4,485.5],[874.6,485],[874.3,485.6],[874.5,486.2],[875.2,486.9],[875.2,488.3],[875.7,489.3],[876.2,489.7],[877.5,489.3],[877.7,489.5],[878.7,489.3],[878.6,487.6],[878.9,486.6],[878.7,485.5],[878.8,484.5],[878.6,483.8],[877.6,482.5],[877.5,482],[877.7,481.3],[877.5,480.3],[878,479.9],[878,479.2],[878.6,479.5],[879,478.2],[879.8,478.3],[880.1,478.2],[880.8,478.7],[881.4,478.8],[882,478.6],[882.6,479.1],[882.9,478.9],[883.9,479.4],[884.4,479.3],[887.6,479.6],[887.8,479.3],[888.6,479.1],[889.5,479.4],[889.1,478.7],[889,478],[889.1,477.1],[889.4,476.4],[889.6,474.7],[889.5,473.5],[888.6,473.7],[887.6,473.3],[888.3,472.3],[888.9,472.2],[889.1,470.8],[888.9,469.4],[889.5,469.2],[889.7,468.5],[890.3,467.4],[890.8,467.4],[890.9,466.2],[890.8,465.4],[891.1,464.7],[890.5,464.5],[890.5,463.6],[890.9,462.2],[891.5,460.9],[891.9,459.8],[891.4,459.4],[891.1,459.7],[890.3,459.8],[890.3,459.1],[891,459],[892.1,458.5],[892.4,457.2],[892.2,456],[891.1,455.5],[890.7,455.2],[890.8,454.8],[892.1,454.9],[892.6,454],[893.2,453.6],[893.5,452.2],[892.8,452.2],[893.3,451],[894.3,451.3],[895.3,449.9],[894.6,449.9],[894.4,449.3],[894.8,448.8],[895.6,449],[896.5,448.3],[896.7,447.2],[896.4,446.9],[895.9,447.2],[895.6,446.9],[895,446.8],[894.3,446.3],[893.8,446.1],[893.1,445.7],[892.7,446.1],[892,446.1],[891.4,445.7],[890.9,445.6],[890.6,444],[889.7,442.9],[889.8,442.3],[890.2,441.7],[890.1,441.3],[889.4,440.4],[889,440.1],[888.7,439.4],[888.1,438.8],[888,437.7],[886.8,436.7],[886.2,436.4],[886.1,435.9],[885.1,435.9],[884.3,435.7],[883.3,434.8],[883.3,433.4],[882.7,432.9],[882.7,431.7],[882.4,430.9],[882.3,429.8],[881.6,429.5],[881.3,428.5],[880.4,427.6],[880.4,426],[879.9,425.6],[878.9,425.1],[878.6,425.2],[877.6,424.3],[877.1,424.5],[875.8,424.1],[874.6,423.3],[874.3,422.8],[874.5,422.3],[874.3,422],[873.9,422.2],[873.1,421.8],[872.5,421.4],[872.7,420.8],[872.2,420.5],[872.4,420.1],[871.2,419.8],[870.3,419],[870.5,418.6],[870.4,418],[870.7,417.1],[870.3,416.6],[869.1,416.3],[868.5,415.3],[867.7,414.6],[866.7,414.3],[866.4,414.1],[865.9,414.3],[864.5,413.5],[864.3,412.7],[863.6,412],[863.3,411.2],[863,410.6],[862,410.1],[862,409.8],[860.9,409.1],[859.7,408.6],[859.4,408.7],[857.9,407.8],[857.4,407.2],[856.5,407.1],[855.7,405.9],[855.5,405.2],[854.5,404.5],[854.5,404.1],[853.6,403.1],[852.8,402.8],[852.4,402.1],[851.8,400.1],[851.3,399.7],[850.7,398.5],[849.8,398],[849,396],[848.1,395.4],[846.7,395.7],[846.3,396],[844.9,395.5],[844.5,394.8],[842.7,393.6],[842.7,393.3],[841.4,393.3],[840.9,392.8],[840.1,392.5],[839.9,392.1],[839.2,391.9],[838.8,390.9],[839.3,390.1],[839.1,389.4],[839.7,388.5],[840.1,388.5],[840.5,387.1],[841.2,386.8],[841.7,386],[842.5,385.3],[842.3,385],[842.7,384.1],[842.5,383.9],[838.5,384.5],[832.9,385.4],[832.9,385.5],[823.2,386.7],[819.5,387.1],[810.3,388.3],[807.8,388.6],[799.3,389.7],[795.1,390.1]]]]}},{"type":"Feature","properties":{"st":"HI","fips":"15","name":"Hawaii","label_x":484.8,"label_y":722.9},"geometry":{"type":"MultiPolygon","coordinates":[[[[471.3,719.6],[471.2,719.8],[471.9,721],[471.8,721.5],[472.7,721.9],[473.3,723.3],[473.7,725.4],[474.3,725.6],[474.3,726.7],[474.5,727.5],[474.9,728],[475.2,729],[475,730.4],[474.8,730.8],[474.4,734.1],[474.7,734.8],[475.3,736],[476,736.3],[477.1,736.5],[478,737.3],[478.8,737.6],[479.4,738],[479.9,738.8],[480.7,738.2],[481.1,737.5],[481.5,737.4],[482,736.3],[482.6,735.6],[482.5,734.9],[483.7,733.6],[484.9,733.2],[485.6,732.4],[486.9,731.9],[487.3,731.3],[488.3,730.6],[489.1,730.4],[490.6,730.6],[491.9,730.3],[492.9,729.7],[494.7,728.9],[495.5,728.4],[496.4,727.4],[497.2,727],[498.3,726],[498.8,725.4],[499.1,724.6],[499,724.3],[497.4,723.7],[496,722.6],[496,722.2],[495.2,721.7],[495.2,720.7],[494.7,719.5],[493.9,719.5],[493,719.8],[492.7,719.5],[492.8,718],[492.7,717.8],[492.9,716.8],[492,715.7],[490.2,714.1],[489.4,713.7],[488.6,713],[488.1,712.8],[485.8,711.6],[484.6,711.1],[482.3,710.4],[481.5,710.6],[480.6,710.1],[480.2,709.6],[478.5,708.7],[478.4,708.3],[477.6,707.7],[475.8,707.2],[475.3,707.3],[474.7,708],[474.6,708.8],[474.8,710.1],[475.1,711],[476.4,712.8],[476.3,714],[475.8,714.2],[475,715.1],[475,715.5],[473.9,717],[473,717.1],[471.4,718.8],[471.3,719.6]]],[[[456.9,701.1],[457.4,701.7],[457.7,701.8],[459.1,701.3],[459.5,701.6],[460.4,701.5],[460.1,700.8],[460.4,700],[459.7,699.4],[459.2,699.6],[458.1,700.4],[457.5,700.5],[456.9,701.1]]],[[[456.9,692],[457.2,692.4],[457.4,693.2],[458.4,694.3],[460.5,695.3],[461.2,694.8],[462.2,695.3],[462.4,696.6],[462.6,698.2],[462.5,698.5],[462.6,699.2],[463.2,699.8],[464.1,700],[464.7,699.8],[465.7,699.8],[467.8,698.8],[469.3,698.9],[470.6,698.2],[471.3,698.2],[471.8,697.5],[472.1,697.5],[472.7,696.6],[472.8,695.6],[472.4,694.9],[471.1,694.6],[470.4,694.1],[469.9,694.2],[469.5,693.4],[468.7,693.3],[468.6,693],[467.3,692.1],[467.3,691.7],[466.1,691.4],[465.2,691.3],[464.6,691.5],[463.9,692],[461.9,692.6],[461.4,691.7],[460.7,690.9],[460.3,690.1],[459.3,689.4],[458.2,689.5],[457.7,690],[457,691.3],[456.9,692]]],[[[448.9,692.4],[449.1,693],[450,693.6],[450.5,694.5],[450.4,695.2],[450.6,695.9],[451,696.4],[452.3,696.2],[453.9,695.7],[454.5,694.6],[454.5,694.2],[453.9,693.4],[452.6,692.2],[452.1,692],[450.5,691.8],[449.5,691.9],[448.9,692.4]]],[[[443.4,687.8],[443.7,688],[444.7,688.1],[447,688.1],[448.2,687.8],[449.2,688],[450.3,688.4],[453,689],[454.7,688.6],[456,687.6],[456.6,686.8],[456,686.1],[455.3,686],[453.2,686.4],[452.4,686.4],[451.5,686.1],[451.1,685.2],[450.9,685.1],[450.3,685.9],[449.4,685.7],[448.9,685.8],[448.1,685.6],[446.8,685.5],[446,685.3],[445.8,685.1],[444.7,685.3],[444.6,686.2],[443.9,686.8],[443.4,687.8]]],[[[422.1,676.6],[423,677.5],[423,678.8],[423.9,679.7],[424.2,680.7],[425.1,681.4],[425.7,683.1],[426.2,683.2],[428.6,682.8],[429.2,683],[430.6,683],[431.9,683.6],[432.4,684.2],[433,684],[433.4,683.7],[434.4,683.7],[434.6,684.1],[435.9,683.2],[434.9,682.4],[434.6,681.9],[434.6,681.2],[433.9,680.3],[433.4,680],[433.1,680.6],[432.5,680.1],[432.2,679.7],[431.7,679.5],[431.4,678.5],[431.8,677.8],[431.4,677.2],[431.1,677],[429.9,675.5],[429.9,675],[429.4,674.1],[428.9,673.6],[427.8,673.9],[426.8,674.8],[426.4,675.5],[425.4,676.5],[424,676.5],[422.1,676.6]]],[[[388.8,665.9],[388.9,666.3],[389.5,667.1],[390.6,667.5],[391.4,667.7],[392.1,668.6],[392.8,669.1],[393.2,669],[394.5,669.3],[395.7,669.4],[396.3,669.7],[397.6,668.9],[397.7,668.6],[398.5,668.2],[398.9,667.5],[398.7,666.1],[398.9,665.5],[399.7,664.2],[399.7,663.4],[399.5,663.2],[399.3,662.5],[398.5,661.7],[397.7,661.6],[397.4,661.3],[396.8,661.6],[395.5,661.3],[394.8,661.7],[394,661.4],[393.4,661.4],[391.8,662.5],[390.4,663.1],[390.1,663.4],[389.8,664.3],[388.9,665.1],[388.8,665.9]]],[[[378.7,670.2],[378.9,671.3],[379.6,671.5],[380.2,670.2],[380.8,669.5],[382,669.2],[382.4,668.8],[382.3,668.3],[382.5,667.6],[382.9,666.7],[382.2,666.5],[381.7,666.7],[381.4,667.6],[380,668.3],[379.1,669.2],[378.7,670.2]]]]}},{"type":"Feature","properties":{"st":"IA","fips":"19","name":"Iowa","label_x":645.3,"label_y":234.1},"geometry":{"type":"MultiPolygon","coordinates":[[[[588.6,199.2],[586.2,199.2],[586.5,199.6],[586.1,200.4],[586.2,200.7],[587.2,201.6],[587.4,201.7],[587.4,203.6],[587.1,204],[586.4,203.9],[586.5,204.4],[586.9,205.1],[586.9,205.6],[587.5,205.8],[588.1,205.7],[588.4,206.7],[588.4,207.4],[588.8,207.8],[588.8,208.3],[588.5,208.7],[588.6,209.2],[588,209.8],[587.6,210.4],[587.9,210.8],[587.4,211.5],[587.8,211.9],[587.1,212.8],[587.1,213.9],[587,214.5],[586.4,215.1],[586,216.1],[585.7,216.1],[585.3,217.2],[585.5,217.9],[586.4,218.5],[587.1,219.1],[588.1,221.5],[588.2,222.7],[588.7,223],[589.5,223.2],[589.8,224.1],[589.2,224.9],[589.3,226.7],[590,227.3],[590,227.7],[590.6,228.5],[590.7,229.2],[590.2,229.6],[590.3,230.7],[591,231.5],[591.7,232.1],[591.5,232.9],[591.6,233.6],[592.2,233.7],[592.6,234.5],[593.1,234.5],[593.2,235.2],[594.1,235.3],[593.9,236.1],[593.9,236.7],[593.5,237],[593.8,237.7],[594.3,238.1],[594.5,238.9],[595.1,239.3],[594.9,240.5],[594.6,241.1],[595,241.7],[594.3,241.9],[594.2,242.3],[594.7,243],[594.4,243.6],[594.4,244.2],[594.9,244.7],[594.7,245.4],[594.8,245.8],[595.4,246.3],[595.8,246.2],[595.9,245.6],[596.4,245.6],[596.5,246.2],[596,246.8],[596.3,247.2],[597.5,247.4],[597.8,247.7],[597.5,248.2],[597.6,249.7],[597.1,250.1],[597.7,250.7],[598.3,250.8],[597.6,251.7],[597.9,252.7],[597.7,253.7],[598,254],[598.7,253.9],[598.4,254.9],[598.7,255.6],[598.8,256.3],[598.5,257.1],[598.8,257.4],[598.8,258.4],[599.4,259],[599.2,259.8],[599.6,260.7],[599.7,261.1],[599.1,261.6],[599.2,262.3],[599.1,263],[599.3,263.6],[598.7,264],[598.3,264.7],[598.9,265.3],[599.2,266],[600.1,266.4],[600.4,267.3],[600.8,267.6],[600.5,268.2],[604.8,268.2],[614.3,268.3],[620.7,268.3],[623.2,268.3],[631.3,268.1],[637.4,267.9],[639.9,267.7],[645,267.6],[650.7,267.3],[653.9,267.1],[658.8,266.8],[665.7,266.4],[668.3,266.2],[672.2,265.8],[672.9,266.5],[673.1,267.2],[674.1,267.4],[674.3,268.3],[674.7,268.5],[675.3,269.3],[675.9,269.3],[676.1,270],[676,270.4],[676.7,270.7],[676.8,271],[677.5,271],[677.9,271.1],[678.7,270.8],[678.6,269.2],[678.8,268.6],[678.7,267.9],[678,267.2],[678.9,265.6],[679.6,265.2],[680.7,264.8],[681.8,264.8],[682.8,264],[683,263.3],[682.9,262.6],[683.3,261.3],[683.1,260.6],[683.8,259.7],[684,259.2],[684.8,258.2],[685.4,257.8],[685.5,257],[685.4,256.5],[685.6,255.2],[685.4,253.7],[684.6,252.3],[683.7,252.1],[683.2,251.4],[682.3,250.4],[682.9,249],[683,247.4],[683.3,246.4],[683.6,246],[684.5,245.7],[685.3,246],[686.5,245.2],[686.9,245.1],[688.7,245.1],[690.1,244.8],[690.9,244],[691.1,243.6],[692,243.1],[692.7,243.3],[693.4,243.1],[694.2,242.1],[695.4,241.5],[695.3,240.1],[695.4,239.3],[695.7,238.9],[695.6,238],[696.2,237.2],[697.8,236.2],[698,234.5],[698.2,233.7],[698,232.5],[698.3,231.4],[697.8,230.6],[697.7,229.8],[697.7,228.8],[697.1,228.5],[696.9,228],[695.6,227.4],[694.8,227],[694.3,226.9],[693.6,226.5],[692.9,225.3],[693.1,224.2],[691.9,222.8],[690.5,222.1],[690.2,221.5],[689.3,221.2],[688.7,220.7],[688.9,220],[689,219.8],[688.5,218.6],[688,218.1],[687.7,217.2],[687.4,217],[685.1,216.5],[683.9,216.1],[683.3,216.1],[682.6,215.5],[681.6,215],[681.3,214.5],[681,212.9],[680.5,211.6],[679.7,211],[679.7,209.8],[679.1,208],[678.9,205.9],[679.5,205.2],[679.8,204.1],[680.5,203.4],[680.8,202.8],[680.3,201.9],[679.5,201.2],[678.2,200.7],[678,200.3],[678.3,199.6],[678.1,199],[677.6,198.1],[677.8,197.1],[670.4,197.5],[665.3,197.7],[659.2,198],[651,198.3],[642.8,198.5],[633.9,198.8],[628.9,198.9],[622.4,199],[615.9,199.1],[610.8,199.1],[604.6,199.2],[595.5,199.2],[588.6,199.2]]]]}},{"type":"Feature","properties":{"st":"ID","fips":"16","name":"Idaho","label_x":278.3,"label_y":123.9},"geometry":{"type":"MultiPolygon","coordinates":[[[[255.7,102.8],[256,103.3],[256.1,104.6],[256.4,105.4],[257,106.3],[257,107.1],[258.3,107.6],[258.7,108.6],[259.8,108.9],[260.5,110.1],[260.3,111.1],[260.9,112.2],[261.1,113.1],[260.6,113.9],[259.8,114.5],[259.2,115.2],[258.8,116.3],[258.2,116.6],[257.9,117.3],[257.5,117.5],[256.2,119.1],[256,120.1],[255.3,120.9],[255,121.7],[254.3,123.1],[253.3,123.9],[252.9,124.7],[251.9,125.3],[251.5,126.3],[251.7,127.5],[251.1,128.4],[250.2,129.2],[249.3,130.2],[249.2,130.5],[248,130.9],[247.2,131],[246.8,131.4],[246,132.7],[245.8,133.2],[245.3,133.7],[245.1,134.4],[244.6,134.7],[244.6,135.2],[243.8,135.6],[243.5,136.1],[242.9,136.4],[242.8,137.7],[242.2,138.3],[242.2,138.8],[242.7,139.9],[242,140.9],[242.6,141.7],[243.2,141.8],[243.8,141.5],[244.4,142.8],[244.9,142.5],[245.8,142.8],[245.6,143.9],[246.3,144.2],[246.7,144.8],[246.6,145.1],[245.7,146.3],[244.9,146.4],[244.8,147.3],[245.3,148.1],[244.7,148.9],[244,150.3],[243.7,151.4],[243,151.5],[242.7,152.1],[242.7,152.6],[241.4,158.2],[238.6,170.7],[236.5,179.9],[235.3,185.6],[233.3,194.3],[234.3,194.6],[244.5,196.9],[245.1,197],[252.9,198.7],[257.1,199.6],[262.4,200.7],[267.2,201.7],[271.1,202.3],[274.6,203.2],[276.9,203.6],[284.1,205.1],[286.6,205.7],[293.4,206.9],[297.7,207.6],[308,209.3],[315.8,210.7],[316.1,210.8],[318.9,211.3],[327.6,212.7],[329,212.9],[335.5,213.9],[336.5,207.4],[337.4,202.2],[338.3,197.1],[340,186.1],[341.1,178.9],[342.3,171.6],[343,166.8],[344.2,159],[344.7,156.2],[344.6,156.1],[343.7,155.8],[343.4,155],[343.5,154.7],[342.9,154.2],[342.8,153.6],[342.2,153.4],[342.1,152.6],[342.3,152.3],[341.3,150.1],[340.9,149.5],[340.6,149.5],[340.3,148.9],[339.8,149.5],[339.2,149.5],[338.3,149.6],[338.4,150.7],[337.3,151.9],[337.5,153],[337.2,153.5],[336.8,153],[336.1,152.7],[335.6,153],[334.2,152.5],[333.9,152.8],[332.3,153.1],[331.7,152.9],[331.4,151.9],[330.1,151.9],[329.5,152.2],[328.7,151.9],[327.3,152.3],[326.9,151.7],[326.1,151.8],[325.5,151.4],[325.3,150.8],[324.6,150.6],[323.9,151.2],[323.2,151.4],[323.1,152.2],[322.4,153.1],[321.1,152.2],[320.6,152.5],[319.9,151.8],[319,151.5],[318,151.5],[317.2,150.9],[316.1,151.2],[315.1,152],[314.9,152.4],[315.1,153.5],[314.5,153.9],[313.9,153.3],[314,152.8],[313,152.2],[312.2,151.3],[312,150.1],[312.5,149.5],[312,149],[312.1,148.5],[311.5,147.5],[312.1,147.2],[312.1,145.8],[311.7,145.3],[311.8,144.5],[311.3,143.9],[311.5,143.4],[310.7,142.9],[310.6,142.6],[309.8,141.9],[308.1,142.5],[308,141.7],[307.7,141.3],[307,141],[306.6,140.1],[306.2,138.4],[307.1,138.1],[307.4,137.1],[307.4,135.8],[307,135.7],[306.4,134.9],[306.8,134.5],[306.1,134.3],[305.6,132.9],[305.6,132.3],[305.1,131.7],[305,131.2],[304.5,130.6],[304.5,129.9],[304,128.8],[304.3,127.3],[303.7,126.6],[303.9,126.3],[303.7,125.7],[304.3,125],[304.3,124.2],[303.2,124],[303.6,123],[304,122.6],[304,122.2],[303.2,121.5],[302.5,121.4],[302.7,121],[302.3,120.2],[301.5,119.3],[301,119.4],[300.9,120.2],[299.9,120.8],[299.5,121.4],[298.8,121.6],[298.5,122.2],[297.7,122.2],[297.3,122.5],[296.6,122.1],[296.5,122.6],[295.8,123.5],[294.8,123.8],[294.4,123],[293.7,122.4],[293.2,121.1],[292.6,121.1],[291.7,120.2],[292.2,119.8],[292,118.9],[293.1,118.5],[293.3,117.7],[293.2,117.1],[292.7,116.6],[292.5,115.8],[292.9,115.5],[293.9,114.3],[294.9,114.2],[295.4,114.5],[295.8,113.9],[295.8,113.4],[295.4,112.5],[295.9,112.2],[295.9,111.6],[294.8,110.9],[295,110.2],[294.7,109.9],[295.4,109.4],[295.7,108.7],[295.5,108.3],[294.8,107.8],[295.2,107],[295.7,107.2],[296.2,107],[296.4,105.4],[296.3,104.8],[296.9,104.7],[297,104],[297.5,103.4],[297.7,102.7],[297.6,102.2],[298.2,101.7],[298.6,100.6],[298.4,99.7],[299.2,99.6],[299.5,98.6],[300.2,97.3],[300.3,96.3],[299.9,95.9],[298.8,95.9],[297.8,96.3],[296.8,95.8],[296,96],[295.4,94.7],[295.8,94.1],[295.6,93.6],[294.8,93.2],[294.4,93.7],[293.5,93.9],[293.2,93.5],[293.8,92.5],[293.6,92],[292.9,91.8],[292.5,90.9],[291.6,90.3],[291.7,88.8],[292,88.4],[291.2,87.4],[291,86.9],[290.3,86.8],[290,84.9],[289.5,84.3],[289.4,83.5],[289,83.2],[288.8,82.7],[288,82],[287.9,81.2],[287.3,81],[287.5,80.1],[287.1,79.1],[286,78.9],[285.7,78.4],[284.9,78.2],[284.3,77.6],[284.2,76.5],[283.2,75.5],[282.8,75.5],[282.7,74.9],[281.8,74.1],[282,73.5],[283.1,73.7],[283.5,73.2],[282.7,72.9],[282.4,71.7],[281.9,71.1],[282.8,70.6],[283.2,69.7],[282.7,68.8],[283.1,68],[282.3,67],[282.1,66.2],[281.8,66.3],[281.6,65.5],[281.7,64.5],[281.4,63.9],[281,64],[280.1,62],[279.6,60.6],[279.4,60.4],[281.5,50.5],[282.5,45.8],[284.4,37.1],[278.7,35.9],[269.3,33.9],[268.7,36.7],[266.7,45.2],[266,48.1],[264.7,53.7],[263.2,60.2],[261.4,68.4],[259.6,76.4],[257.4,86.2],[256,92.5],[255.3,94.2],[255.8,94.6],[255.7,95.1],[256.2,95.7],[256.3,97.3],[256,97.9],[256.5,98.7],[255.6,100.2],[255.2,100.3],[255.7,101.2],[255.7,102.8]]]]}},{"type":"Feature","properties":{"st":"IL","fips":"17","name":"Illinois","label_x":713.3,"label_y":283.1},"geometry":{"type":"MultiPolygon","coordinates":[[[[677.9,271.1],[677.2,272],[676.7,273.6],[676.5,274.6],[676.6,275.5],[676.5,275.9],[676.6,277.1],[677,278.8],[677,279.3],[677.9,281.1],[678.4,281.7],[678.4,282.1],[678,283],[678.4,283.9],[679.3,284.5],[679.6,285.1],[679.6,286.4],[679.9,286.8],[681.3,287.9],[682,288.7],[683,289.2],[683.4,290.2],[683.8,290.6],[684.6,290.7],[685.3,291.7],[685.5,292.3],[685.9,292.8],[686.7,293.4],[687.5,293.7],[687.8,294],[689.6,295.2],[690.5,295.9],[691.3,296.9],[691.7,297.2],[692.2,299.4],[692.6,300.3],[692.7,301],[692.2,301.8],[693,303.3],[693,304],[693.3,304.8],[694.1,305.7],[694.8,306.1],[695.5,305.9],[696.5,304.6],[696.7,303.8],[697.1,303.6],[698.4,303.8],[699.7,304.5],[700.8,304.5],[701.8,305.2],[703.4,306],[703.3,307.3],[702.6,307.9],[701.9,308.9],[701.8,309.4],[702.4,310.5],[702.5,311.3],[702.3,312],[701.8,312.6],[701.2,313.8],[700.7,316.2],[699.8,317.5],[699.4,318.8],[699.5,319.8],[699.9,321.3],[700.6,322.1],[701.5,322.6],[702.1,323.6],[703.5,324.6],[704.2,324.7],[704.4,325.2],[705,325.7],[705.7,325.7],[706.6,326.7],[707.2,326.9],[707.8,326.6],[708.2,327],[707.6,327.4],[707.3,327.9],[707.8,328.7],[708.7,329],[709.7,328.1],[710.6,328.6],[710.7,329.1],[711.7,329.3],[713.3,330.7],[713.2,331.3],[713.6,331.6],[714.2,331.5],[714.8,332.3],[715.9,332.6],[716.2,332.9],[716.2,333.9],[717,334.9],[716.7,335.3],[716.3,335.3],[716.4,336.4],[717.3,338],[718.1,338.9],[718.3,339.6],[718.2,340.8],[717.2,341.2],[716.8,341.7],[716.7,342.3],[717.3,343.1],[717.9,343.1],[717.9,344.3],[718.9,346],[719.5,346.5],[719.7,346.9],[719.6,347.6],[719.7,348],[720.9,348.5],[721.4,349],[721.9,348.8],[722,348.4],[721.2,347.7],[721,347.2],[721.9,347.2],[723.1,348.4],[723.3,349.1],[723.7,349.3],[724.4,349],[723.7,348.5],[723.4,347.8],[723.5,347.2],[723.8,346.5],[724.6,345.7],[724.8,344.8],[725.9,343.5],[726.8,343],[728,343],[730.1,343.7],[731.6,344.6],[732.4,344.7],[733.5,345],[735.2,346.1],[735.6,346.2],[736.8,345.9],[737.3,344],[736.7,342.8],[736.3,342.4],[735.5,341.5],[735.3,341],[735.7,339.6],[735.9,338.5],[736.2,338],[737,337.5],[738,338],[738.8,337],[739.3,336.7],[741.3,336.2],[742,336],[742.9,335.9],[743.3,335.4],[743.1,334.6],[741.8,333.6],[741.2,332.1],[741.2,331.5],[741.7,330.4],[742.8,329.6],[743.3,328.1],[742.6,328.1],[742.2,327.4],[743.1,327.6],[741.9,326],[743.4,325.8],[743.3,325.4],[742.4,325.3],[742.9,324.7],[743.3,323.9],[743,323],[742.6,322.5],[742.7,322.1],[743.3,322.1],[743.9,321.7],[743.9,320.9],[743.2,321.3],[743,320.9],[743.7,320.6],[744.2,320.2],[744.5,319.6],[744.3,319.1],[743.3,318.3],[743.2,317.4],[743.7,317.6],[743.9,317.2],[743.8,316.7],[744,316.3],[744.6,316.8],[744.9,316.4],[745.6,316.6],[745.9,316],[745.9,315.4],[746.3,314.4],[746.7,314.2],[747.3,313.2],[747.2,311.7],[747.7,311.5],[748.7,310.7],[748.5,310],[749,308.4],[749.1,307.6],[749.5,306.9],[750.4,306.6],[750.8,306.1],[751.1,304.9],[751,304.1],[750.4,303.2],[750.3,302.5],[749.9,302.3],[749.9,301.4],[750.3,300.7],[750.4,300],[750,299.6],[749.1,299.3],[749.2,298.5],[749.1,297.6],[747.9,296.6],[747.6,295.7],[747.6,295.2],[748.5,294.3],[748.7,293.8],[748.5,293.3],[748,292.9],[747.9,292.4],[748.2,291.1],[749.2,290.7],[748.5,283.2],[748,278.1],[747.5,271.8],[746.9,263.7],[746.1,255.1],[745.5,248.8],[745,242.7],[744.3,235],[744.1,234],[743.6,233.7],[742.8,232.3],[742.4,231.3],[742.4,230.8],[741.2,227.6],[740.8,226.6],[739.7,225.4],[738.5,223.6],[737.9,222.2],[737.7,221.5],[737.8,220],[738.1,219.5],[738,217.4],[737.9,216.9],[732.5,217.3],[729.8,217.5],[723.5,218],[720.9,218.3],[717.4,218.5],[712.9,218.7],[708.2,219],[705.7,219.1],[700.8,219.4],[698.7,219.4],[693,219.8],[688.9,220],[688.7,220.7],[689.3,221.2],[690.2,221.5],[690.5,222.1],[691.9,222.8],[693.1,224.2],[692.9,225.3],[693.6,226.5],[694.3,226.9],[694.8,227],[695.6,227.4],[696.9,228],[697.1,228.5],[697.7,228.8],[697.7,229.8],[697.8,230.6],[698.3,231.4],[698,232.5],[698.2,233.7],[698,234.5],[697.8,236.2],[696.2,237.2],[695.6,238],[695.7,238.9],[695.4,239.3],[695.3,240.1],[695.4,241.5],[694.2,242.1],[693.4,243.1],[692.7,243.3],[692,243.1],[691.1,243.6],[690.9,244],[690.1,244.8],[688.7,245.1],[686.9,245.1],[686.5,245.2],[685.3,246],[684.5,245.7],[683.6,246],[683.3,246.4],[683,247.4],[682.9,249],[682.3,250.4],[683.2,251.4],[683.7,252.1],[684.6,252.3],[685.4,253.7],[685.6,255.2],[685.4,256.5],[685.5,257],[685.4,257.8],[684.8,258.2],[684,259.2],[683.8,259.7],[683.1,260.6],[683.3,261.3],[682.9,262.6],[683,263.3],[682.8,264],[681.8,264.8],[680.7,264.8],[679.6,265.2],[678.9,265.6],[678,267.2],[678.7,267.9],[678.8,268.6],[678.6,269.2],[678.7,270.8],[677.9,271.1]]]]}},{"type":"Feature","properties":{"st":"IN","fips":"18","name":"Indiana","label_x":772.8,"label_y":280.3},"geometry":{"type":"MultiPolygon","coordinates":[[[[744.3,235],[745,242.7],[745.5,248.8],[746.1,255.1],[746.9,263.7],[747.5,271.8],[748,278.1],[748.5,283.2],[749.2,290.7],[748.2,291.1],[747.9,292.4],[748,292.9],[748.5,293.3],[748.7,293.8],[748.5,294.3],[747.6,295.2],[747.6,295.7],[747.9,296.6],[749.1,297.6],[749.2,298.5],[749.1,299.3],[750,299.6],[750.4,300],[750.3,300.7],[749.9,301.4],[749.9,302.3],[750.3,302.5],[750.4,303.2],[751,304.1],[751.1,304.9],[750.8,306.1],[750.4,306.6],[749.5,306.9],[749.1,307.6],[749,308.4],[748.5,310],[748.7,310.7],[747.7,311.5],[747.2,311.7],[747.3,313.2],[746.7,314.2],[746.3,314.4],[745.9,315.4],[745.9,316],[745.6,316.6],[744.9,316.4],[744.6,316.8],[744,316.3],[743.8,316.7],[743.9,317.2],[743.7,317.6],[743.2,317.4],[743.3,318.3],[744.3,319.1],[744.5,319.6],[744.2,320.2],[743.7,320.6],[743,320.9],[743.2,321.3],[743.9,320.9],[743.9,321.7],[743.3,322.1],[742.7,322.1],[742.6,322.5],[743,323],[743.3,323.9],[742.9,324.7],[742.4,325.3],[743.3,325.4],[743.4,325.8],[741.9,326],[743.1,327.6],[742.2,327.4],[742.6,328.1],[743.3,328.1],[743.6,328],[744.9,328.5],[745.1,328],[745.5,327.7],[745.3,326.7],[744.9,326.3],[744.8,325.8],[745.3,324.9],[746.1,325.1],[746.8,326],[747.5,325.9],[748,325.5],[749,325.4],[749.4,325.1],[749.9,325.7],[749.6,326.2],[749.8,326.8],[750.9,326.7],[751.3,325.9],[751.2,325.3],[750.6,324.9],[750.5,324.3],[751.1,323.2],[751.8,324.3],[752.8,324.6],[753.6,323.8],[754.2,323.7],[754.9,323.8],[755.6,324.3],[757,324.9],[758.1,325.6],[759.2,325.8],[759.9,327],[760.6,326.8],[760.9,326.5],[761.4,323.9],[762.3,323.3],[763.4,323],[764.4,321.7],[765,321.4],[765.6,321.6],[766.5,323.3],[767.2,323.7],[767.7,323.2],[768.4,323.1],[768.5,323.5],[768.3,324.4],[768.8,324.7],[769.5,324.1],[769.3,323.1],[769.5,322.8],[770.5,322.8],[771,322.3],[770.6,321.6],[770.4,320.1],[770.5,319.8],[771.7,319.5],[772,319.1],[771.9,318.6],[771.5,318.4],[771.3,318],[771.9,317.7],[772.4,318.1],[772.9,317.4],[773.6,317.4],[773.8,316.8],[772.9,316.6],[772.8,316],[773.3,315.9],[774.4,316.6],[774.8,317.1],[774.8,318],[775.1,319],[776,319.6],[776.8,319.9],[778.1,319.7],[778.6,320],[779.3,320.9],[779.7,319.9],[781,319.6],[781.4,319],[781.6,317.6],[781.4,315.8],[781.8,314.8],[782.4,313.9],[782.5,313],[783.2,312.6],[784.2,313],[785.1,312.2],[785.6,311.4],[785.9,309.1],[786.5,308.4],[787.4,308.1],[788,307.8],[788.4,306.9],[789.1,306.3],[789.3,305.4],[788.7,304.3],[788.6,303.2],[788.3,302.7],[788.3,302],[788.9,301.3],[789.6,301.3],[790.8,300.9],[791.7,300.9],[792.4,301.6],[793.1,302],[794.1,301.5],[795.1,300.5],[796.6,299.4],[797.5,299.3],[798.1,298.9],[799.2,299],[799.6,298.7],[799.3,298.1],[799.3,297.6],[799.8,297],[799.8,296.5],[799.3,296.3],[798.4,296.3],[798.1,295.8],[798.7,294.9],[798.6,294.2],[797.4,292.8],[798.6,291.4],[798.1,286.7],[797.6,282.6],[796.7,274.7],[796.3,270.4],[795.5,263],[795,258.4],[794.2,251.4],[793.7,247],[792.4,236.5],[791.6,230.4],[791.5,228.8],[788.6,229.2],[782.7,229.9],[774.4,230.8],[768.5,231.4],[761.7,232.1],[756.4,232.6],[755,233.5],[754.6,234],[753.1,235],[751.5,235.8],[749.8,236.5],[748.8,236.7],[747.3,236.6],[746,236.2],[746.5,235.6],[746.1,235.2],[745.3,235.7],[744.3,235]]]]}},{"type":"Feature","properties":{"st":"KS","fips":"20","name":"Kansas","label_x":553.7,"label_y":317.5},"geometry":{"type":"MultiPolygon","coordinates":[[[[488.1,278.5],[487.8,282.2],[487.4,289.5],[487.1,295.1],[486.7,301.2],[486.4,306.7],[485.8,315.2],[485.2,324.9],[484.7,333.5],[484.2,341.3],[483.7,349.8],[494.1,350.4],[499.2,350.6],[508.1,351],[518,351.4],[524.1,351.7],[528.3,351.9],[531.9,352.1],[539.9,352.3],[545.7,352.5],[552.4,352.7],[558.4,352.8],[569.1,353],[577.1,353.1],[587,353.2],[596.3,353.2],[602,353.2],[607.4,353.2],[615.1,353.1],[622.1,353],[622.1,348.5],[622,340.7],[621.9,334.7],[621.9,330.6],[621.8,324.1],[621.7,319.7],[621.7,314.6],[621.7,309.7],[621.6,302.8],[621.9,302.3],[621.4,301.8],[620.6,301.9],[620.6,301.4],[620.1,301.3],[619.3,301.6],[618.8,301.4],[618.3,300.7],[617.7,300.7],[617.6,299.9],[617.2,299.3],[616.7,299],[616.3,298.5],[616,297.4],[616.6,296.7],[616.2,296.3],[615.8,296.5],[614.8,295.6],[614.6,295.1],[613.8,294.8],[613.5,294],[612.5,293],[612.4,292.1],[613.4,291.9],[613.5,291.4],[613.4,290.9],[613.9,289.9],[614.6,289.6],[614.9,289.2],[614.9,288.3],[615.1,288],[616.1,288.5],[616.6,288.3],[616.8,287.6],[616.5,287.4],[615.8,287.6],[615.7,286.9],[616.2,286.9],[616.5,286.5],[616.3,285.9],[615.8,285.8],[615.3,285.4],[615.6,284.7],[615,284.3],[614,284.4],[613.6,285.2],[612.8,285.3],[611.8,284.8],[611.7,284.3],[610.6,284.2],[610.7,283.6],[610,283.3],[609.4,282.7],[608.9,282.4],[608.8,282],[600.2,282],[593.6,282],[585.2,282],[577.6,281.9],[569.2,281.8],[563.4,281.7],[558.8,281.6],[550.5,281.4],[543.8,281.2],[535.4,280.9],[528.1,280.7],[521.6,280.4],[516.4,280.1],[508,279.7],[499.5,279.2],[491.8,278.8],[488.1,278.5]]]]}},{"type":"Feature","properties":{"st":"KY","fips":"21","name":"Kentucky","label_x":806.4,"label_y":325.6},"geometry":{"type":"MultiPolygon","coordinates":[[[[724.4,349],[724.8,349.1],[725.1,349.9],[724.8,351.2],[724.5,352.2],[723.9,352.4],[723.9,353.2],[724.3,353.6],[725.1,353.9],[724.9,354.4],[724.1,354.3],[723.6,354.8],[723.6,355.4],[724.2,356],[724.5,356.5],[723.8,357.4],[723.7,358.1],[723.3,358.9],[722.8,359],[722,358.4],[721.4,357.5],[720.5,358],[720.4,358.8],[719.9,360.8],[722.1,360.5],[725.5,360.3],[728.4,360.1],[730.8,359.9],[740.2,359.2],[745.4,358.9],[745.7,357.8],[745.4,356.4],[744.8,354.6],[745.9,354.6],[748.9,354.6],[748.9,355.4],[752.9,354.9],[757.1,354.5],[762.7,353.9],[770.1,353],[772.5,352.7],[773,353.1],[774,352.6],[777.3,352.3],[779.8,352.3],[782.9,352.2],[786.7,352],[793.1,351.4],[796.6,350.8],[798.5,350.6],[801.7,350.4],[805.1,350.3],[810.7,349.8],[812.6,349.6],[815.8,349.3],[821.1,348.7],[824.8,348.4],[826.7,348.2],[826.9,347.7],[827.9,346.8],[828.6,346.5],[829.3,345.8],[830,345.6],[831.4,345.5],[832,345],[833.4,344.2],[835.4,343.3],[836.4,343],[836.4,342.1],[836.9,341.3],[836.8,340.9],[837.3,340.2],[839.2,339.9],[840.7,338.9],[841,338],[841,337.4],[840.6,336.9],[841.4,336.1],[842.1,335.9],[843.1,334.6],[842.9,333.1],[844.1,332.2],[844.4,332.1],[845.1,331.3],[846.6,330],[847.5,329.5],[849.2,328.7],[849.8,327.9],[852.8,324.3],[855.3,321.3],[854.6,321.5],[853.7,321.6],[853.3,321.2],[852.5,321.2],[852.1,320.4],[851.7,320.5],[851.1,319.9],[850.5,319.9],[850.2,319.3],[849.6,319.3],[848.8,318.7],[847.9,317.5],[848.1,317.1],[847.7,316.5],[847.1,316.2],[846,315.3],[845.8,314.4],[845.3,314],[844.8,314.1],[844.2,313.4],[844.7,312.8],[844.7,312.2],[844.2,311.9],[843.7,311.9],[842.9,310.3],[842.2,310],[842.1,309.6],[841.1,309],[840.9,308.2],[841.4,308.1],[841.5,307],[841.2,306.7],[841.6,306.3],[841.8,305.9],[841.5,305],[841.7,304.6],[841.1,304],[840.9,302.2],[840.4,301],[839.5,300.6],[838.8,299.8],[838.1,299.4],[836.7,299.4],[835.7,298.8],[835.2,297.1],[834.9,296.6],[834.9,295.7],[834.4,295.1],[833.5,295.5],[832.9,296],[832,296.2],[831.7,296.9],[830.9,297.5],[830.3,298.8],[829.3,299.2],[828.5,299],[828.2,299.2],[827.7,299.9],[827.2,299.6],[827,299.1],[826.2,298.6],[824.3,298.4],[823.2,297.9],[821.6,298.6],[821.2,299],[821.2,299.8],[820.8,300],[819.8,299.7],[818.8,299.6],[818.5,298.7],[817.4,298.2],[816.9,297.4],[815.7,297.2],[815.3,297],[814.7,297],[813.6,297.5],[813.1,297.6],[811.5,297.2],[810.4,297.1],[810,296.6],[809.8,295.1],[808.6,293.7],[808.2,292.6],[807.7,292.1],[807.1,291.9],[806.2,291.9],[805.8,291.6],[805.6,290.8],[805.3,290.3],[804.8,290.2],[804.2,291],[803.5,290.9],[803.1,291.4],[802.1,291.6],[801.7,291.3],[801,291.1],[800.3,290.4],[799.7,290.3],[799.2,291],[798.6,291.4],[797.4,292.8],[798.6,294.2],[798.7,294.9],[798.1,295.8],[798.4,296.3],[799.3,296.3],[799.8,296.5],[799.8,297],[799.3,297.6],[799.3,298.1],[799.6,298.7],[799.2,299],[798.1,298.9],[797.5,299.3],[796.6,299.4],[795.1,300.5],[794.1,301.5],[793.1,302],[792.4,301.6],[791.7,300.9],[790.8,300.9],[789.6,301.3],[788.9,301.3],[788.3,302],[788.3,302.7],[788.6,303.2],[788.7,304.3],[789.3,305.4],[789.1,306.3],[788.4,306.9],[788,307.8],[787.4,308.1],[786.5,308.4],[785.9,309.1],[785.6,311.4],[785.1,312.2],[784.2,313],[783.2,312.6],[782.5,313],[782.4,313.9],[781.8,314.8],[781.4,315.8],[781.6,317.6],[781.4,319],[781,319.6],[779.7,319.9],[779.3,320.9],[778.6,320],[778.1,319.7],[776.8,319.9],[776,319.6],[775.1,319],[774.8,318],[774.8,317.1],[774.4,316.6],[773.3,315.9],[772.8,316],[772.9,316.6],[773.8,316.8],[773.6,317.4],[772.9,317.4],[772.4,318.1],[771.9,317.7],[771.3,318],[771.5,318.4],[771.9,318.6],[772,319.1],[771.7,319.5],[770.5,319.8],[770.4,320.1],[770.6,321.6],[771,322.3],[770.5,322.8],[769.5,322.8],[769.3,323.1],[769.5,324.1],[768.8,324.7],[768.3,324.4],[768.5,323.5],[768.4,323.1],[767.7,323.2],[767.2,323.7],[766.5,323.3],[765.6,321.6],[765,321.4],[764.4,321.7],[763.4,323],[762.3,323.3],[761.4,323.9],[760.9,326.5],[760.6,326.8],[759.9,327],[759.2,325.8],[758.1,325.6],[757,324.9],[755.6,324.3],[754.9,323.8],[754.2,323.7],[753.6,323.8],[752.8,324.6],[751.8,324.3],[751.1,323.2],[750.5,324.3],[750.6,324.9],[751.2,325.3],[751.3,325.9],[750.9,326.7],[749.8,326.8],[749.6,326.2],[749.9,325.7],[749.4,325.1],[749,325.4],[748,325.5],[747.5,325.9],[746.8,326],[746.1,325.1],[745.3,324.9],[744.8,325.8],[744.9,326.3],[745.3,326.7],[745.5,327.7],[745.1,328],[744.9,328.5],[743.6,328],[743.3,328.1],[742.8,329.6],[741.7,330.4],[741.2,331.5],[741.2,332.1],[741.8,333.6],[743.1,334.6],[743.3,335.4],[742.9,335.9],[742,336],[741.3,336.2],[739.3,336.7],[738.8,337],[738,338],[737,337.5],[736.2,338],[735.9,338.5],[735.7,339.6],[735.3,341],[735.5,341.5],[736.3,342.4],[736.7,342.8],[737.3,344],[736.8,345.9],[735.6,346.2],[735.2,346.1],[733.5,345],[732.4,344.7],[731.6,344.6],[730.1,343.7],[728,343],[726.8,343],[725.9,343.5],[724.8,344.8],[724.6,345.7],[723.8,346.5],[723.5,347.2],[723.4,347.8],[723.7,348.5],[724.4,349]]],[[[718.6,360.9],[718.9,360.1],[718.5,359.2],[717.7,359],[717.2,359.1],[716.9,359.9],[717.6,361],[718.6,360.9]]]]}},{"type":"Feature","properties":{"st":"LA","fips":"22","name":"Louisiana","label_x":665.6,"label_y":492.2},"geometry":{"type":"MultiPolygon","coordinates":[[[[741.3,511.9],[742,512.8],[742.4,513.9],[742.5,515.7],[742.4,516.9],[742.1,518],[742.2,518.8],[742.7,517.2],[742.9,515.6],[742.8,514.6],[742.4,513.1],[741.9,512.3],[741.3,511.9]]],[[[732,512.4],[732.1,512.9],[733.3,513],[733.6,512.5],[734.4,513.1],[735.4,512.6],[735.1,512.1],[734.4,512],[734.2,511.4],[735,510.1],[734.9,509.8],[732.7,511.6],[732.5,512.2],[732,512.4]]],[[[727,525.1],[727.6,525.7],[728.2,524.8],[727.7,524.8],[727,525.1]]],[[[712.2,536],[712.5,536.2],[713.2,537],[713.8,536.7],[712.9,535.5],[712.2,536]]],[[[708.5,536.6],[709,537],[710,537.4],[710.9,537.4],[711,537],[710.2,536.9],[709.2,536.6],[708.5,536.6]]],[[[704.6,537.7],[704.7,538.1],[706.6,537.6],[706.4,537.2],[705.7,537.3],[704.6,537.7]]],[[[678,526.5],[678,527.2],[679.4,527.7],[680.8,528.4],[681.3,528.4],[681.6,528.9],[682.1,529],[682.5,528.7],[683.2,528.6],[683.2,527.8],[684.2,527],[683.5,526.6],[683.2,526.6],[682.7,526.2],[681.8,525.8],[681.4,525.5],[679.8,525.4],[679.5,525.9],[678.7,525.9],[678,526.5]]],[[[634.8,447.1],[635,454.8],[635.2,464.7],[635.3,471.1],[635.8,471.3],[636.6,472.8],[638,473.6],[638.7,474.8],[638.8,475.3],[639.5,475.8],[639.8,476.3],[639.7,477],[640.2,478.4],[639.8,478.9],[640,479.9],[639.6,480.3],[640,481.5],[640.8,482.2],[641.5,482.2],[641.9,482.6],[641.4,483.5],[642.4,484.2],[642.4,484.6],[643,485.1],[643.2,486],[642.8,487.2],[643.7,488.1],[644.1,488.1],[644.3,488.9],[644.5,489.2],[644.6,490.3],[644.8,490.5],[645.6,490],[646,490.2],[645.8,490.8],[645.7,492.5],[646.4,493.8],[645.9,494.2],[645.4,494.3],[645.4,494.9],[646.2,495.8],[645.7,496.3],[645.4,497.1],[645.6,497.5],[645.7,498.5],[645.6,498.9],[645.1,499.5],[645,500],[644.5,500.5],[644.7,500.8],[644.5,501.6],[643.2,502.9],[643.3,503.9],[642.4,504.5],[642.4,505.2],[642.7,505.8],[642.7,506.4],[643.1,507.6],[641.9,508.9],[641.9,509.7],[641.7,510.2],[642.3,510.9],[642.8,511.1],[643,512.3],[642.7,513.1],[643.2,514.4],[643.2,515.4],[642.6,515.9],[642.8,516.8],[642.4,517.5],[641.5,518.3],[641.1,519.1],[640.9,519.9],[640.2,521.3],[638.8,522.4],[638.7,522.9],[639.3,523.5],[639.6,524.1],[639.9,524.3],[640.6,525.3],[641.4,524.7],[642.6,524.2],[643.7,523.9],[648,523.3],[650.6,523.4],[651.7,523.1],[653.1,523],[654.1,523.1],[657.1,523.8],[658.8,524.4],[663.1,526.3],[665.7,527.1],[667.3,527.3],[671.8,528.1],[673.2,527.9],[674,527.3],[675.1,526.8],[677.5,526.6],[677,526.2],[677.1,525.8],[676.1,526],[675.5,524.8],[676.1,524.1],[674.8,524],[674.1,523.5],[674.1,522.8],[675.4,522.4],[675.8,523.1],[676.9,522.3],[678.6,521.5],[678.7,520.7],[679.4,521.1],[680.4,520.6],[681,520.8],[681.5,520.7],[681.6,521.9],[681,522],[680.6,522.5],[681.1,522.7],[681.2,523.6],[682.6,522.7],[683.5,522.5],[684.1,522.7],[685,522.5],[685.9,522.7],[686,523.3],[685.9,524.4],[685.5,525.1],[686,525.3],[686.8,525],[687.4,525.1],[687.8,526.6],[688.3,527.4],[688.7,527.2],[689,528.1],[689.5,528.8],[690.4,528.4],[691.1,527.7],[691.6,527.7],[692,528.2],[692.4,528.4],[691.7,529],[691.5,529.8],[692.2,529.7],[692.2,530.5],[693.4,530],[693.7,529.3],[694.5,529.4],[694.6,530.3],[695.1,530.8],[696.4,531.5],[696.7,532.4],[696.5,532.8],[696.7,533.6],[696,533.5],[695.7,533.3],[695.6,531.9],[695.1,532.4],[694.6,531.9],[694.2,531.4],[693.6,531.1],[693.2,532.3],[692.3,532.7],[693.5,533.8],[695.2,534.3],[696.6,534.4],[697.4,535],[698.7,535.1],[699.3,535.3],[700.1,535],[701.5,536.1],[702.3,536.9],[702.5,537.4],[702.2,537.9],[703.3,538.1],[703.6,536.8],[703.8,536.6],[704.6,536.3],[705.1,535.8],[705.7,536],[706,534.9],[706.6,535],[706.8,533.9],[707.2,533.8],[707.7,532.9],[707.4,531.8],[707.8,531.5],[708.3,532.1],[708.9,531.7],[709.9,531.9],[710.8,530.5],[711.6,531.6],[711.5,533.2],[712.1,532.4],[712,531.8],[712.6,531.8],[713.5,532.3],[714.5,534.2],[714,534.3],[714.2,535.1],[715.1,535.4],[714.9,536.2],[715.4,536.4],[718.7,533.9],[719.4,533.1],[720.7,532.1],[721,531.6],[722.1,530.8],[722.9,530.5],[725.3,530.6],[726.5,530.9],[727.1,530.8],[727.8,531.7],[729.3,532],[730.4,532.4],[731,532.9],[731.6,533.9],[732.1,534.3],[733.3,534.2],[733.7,533.7],[733.8,532.5],[734.3,532.5],[734.6,532.9],[734.8,533.9],[734.1,534.4],[734.3,534.9],[734.2,535.5],[733.6,536],[733.3,537],[732.7,537.6],[732.2,539],[732.6,538.8],[733.3,538.1],[734.6,536.2],[735.3,535.7],[735.4,535.1],[736.2,535.7],[736.2,536.5],[737.8,537.1],[737.9,536.5],[737.6,535.7],[738.3,535],[738.4,534.3],[738.8,534.2],[739.2,534.7],[739.7,533.6],[738.5,533.6],[738.6,533],[740.3,532.5],[739.8,531.7],[739.2,531.9],[738.5,532.4],[738.1,532.1],[737.9,531],[737.4,530.1],[736.8,529.9],[736.5,529],[736,528.9],[735.6,529.7],[735.3,529.8],[734.9,529.2],[733.7,528.1],[733.2,528.4],[732.3,528.1],[730.1,528.2],[729.6,528.4],[729.1,527.5],[729.1,526.8],[728.2,526.4],[728.2,526],[727.4,526.1],[726.8,525.9],[726.4,525.2],[725.9,525.2],[725.8,524.5],[726,523.9],[725.6,523.3],[725.9,523],[726.7,523.7],[727.4,524],[727.4,523.3],[726,522.6],[726.5,522.5],[727.2,522.7],[727.7,522.3],[728.7,522.3],[728.9,521.3],[728.8,520.5],[729.5,520.4],[730,521],[730.1,522.1],[730.7,522],[730.9,521],[730.7,520],[731.5,518.8],[731.9,519.1],[732.5,519],[733.2,519.5],[733.6,519.1],[733.4,518.4],[732.9,518.7],[732.4,518.5],[732.3,518],[731.7,517.9],[731.9,517.5],[732.8,517.3],[734.1,516.9],[734.3,516.3],[732.9,516.5],[732.7,516.2],[733.4,515.5],[734.4,515.4],[734.6,514.3],[734,514.3],[733.5,513.9],[732.7,515.6],[731.7,515.9],[731.4,515.7],[731.4,514.7],[730.2,514.4],[730.2,513.8],[731.4,513],[731.3,512.6],[730.4,512.8],[729.6,512.5],[729.1,512.2],[728.8,512.7],[728.9,513.1],[727.8,514],[727.2,514.3],[727.4,515.1],[727.1,516.1],[727,516.9],[726.2,517.4],[725.1,517.4],[724,516.5],[723.9,516.1],[724.6,515.6],[724.3,515.3],[723.3,515.9],[722.5,516],[722,515.8],[721.6,514.4],[722.3,513.5],[723.4,513.4],[724.1,513.8],[724.1,512.9],[725,512.5],[725,511.7],[725.5,511.5],[726.2,510.5],[726.8,510.6],[727.3,510.2],[728.1,509.8],[727.8,509.5],[727.1,509.9],[726.1,508.9],[725.8,508.2],[725.5,507.1],[725.8,506.8],[725.7,506.3],[725.1,505.9],[724.5,504.8],[724.4,503.7],[723.5,502.8],[722.6,502.3],[722.3,501.7],[721.7,501.1],[721.4,500.5],[721.4,499.6],[721.1,499.1],[720.7,499],[720.9,498.3],[720.7,497.9],[721.1,497.5],[720.9,496.5],[721.4,495.6],[721.7,494.4],[722,494.1],[721.9,493.4],[722.3,493],[722.2,492.3],[722.5,491.7],[722.7,491],[722.1,490.9],[713.9,491.4],[709.5,491.7],[702.4,492.1],[695.9,492.5],[688.5,492.9],[684.5,493],[685.7,492.1],[685.6,491.3],[684.3,490.3],[684.4,489.8],[684.9,489.2],[685,488.4],[684.7,488.1],[683.8,487.5],[683.6,487],[683.9,486.7],[685.2,486.8],[686.3,486.5],[686.4,485.5],[685.6,484.8],[685.6,484.1],[685.2,484.1],[685,483.6],[685.5,482.8],[685.9,483.8],[686.3,484.2],[687,484.3],[687.1,483.6],[686.5,483],[686.2,482.5],[686.1,481.6],[686.1,480.4],[686.8,480.4],[687.4,480.2],[688.2,479.4],[687.9,478.8],[686.6,479.1],[686,478.5],[686.3,477.7],[687,478.3],[687.9,478.5],[688.3,478.2],[688.4,477.7],[688.3,476.1],[688.6,475.6],[689.1,475.3],[690.6,475.2],[690.9,474.6],[689.2,474.7],[688.8,474.7],[689.1,472.9],[690.1,472.5],[690.3,473.2],[690.8,473.6],[691.1,473.1],[690.7,472.4],[691.3,472],[691.9,471.2],[692.1,470],[692.6,469.5],[693.5,469.3],[694.3,468.6],[693.9,468.1],[692.9,467.9],[692.5,467.5],[693.2,467.2],[693.8,467.8],[694.2,467.8],[694.1,467.1],[694.9,466.6],[695.1,466.1],[695.4,465.8],[695.5,465.2],[694.6,464.7],[694.6,466],[694,465.8],[693.5,466.1],[692.4,465.9],[692.2,465.4],[692.3,464.4],[692.9,464],[693.2,464.1],[693.9,463.6],[694.3,463.8],[694.8,463.2],[695.9,463.9],[695.8,462.5],[695.9,461.9],[696.5,462.2],[697.1,461.6],[697.5,461],[697.1,460.8],[695.7,460.6],[695.3,460.2],[695.4,459.4],[695.8,459.2],[695.9,458.6],[695.4,458.3],[694.7,458.7],[693.4,458.2],[692.9,457.6],[692.9,457.2],[693.2,456.2],[693.8,456.6],[694.5,457.4],[695.1,457.5],[695.3,456.9],[693.7,456],[693.6,455.8],[694.4,455.3],[695,454.5],[694.5,453.7],[694.1,454.6],[692.8,455.2],[692.2,454.8],[692,453.9],[692.7,453.1],[693.7,452.4],[693.7,451.8],[691.6,451.4],[691.8,450.7],[691.6,449.9],[691.9,449.2],[692.7,448.8],[693.3,448],[693.4,447.1],[693.1,446.7],[692.9,446],[692.5,445.7],[691.9,445.9],[692.1,447.1],[691.6,447.8],[690.8,447.7],[690.5,447.4],[690.7,446.4],[691.2,445.8],[691.3,445.4],[682.3,445.8],[675.9,446],[670.6,446.2],[659.3,446.5],[653.9,446.6],[645.7,446.8],[641.1,446.9],[634.8,447.1]]]]}},{"type":"Feature","properties":{"st":"MA","fips":"25","name":"Massachusetts","label_x":1008,"label_y":174},"geometry":{"type":"MultiPolygon","coordinates":[[[[1043.2,190.2],[1043.6,190.6],[1046.2,191],[1046.8,190.8],[1048,190.6],[1048.7,190],[1048.7,189.4],[1047,187.4],[1046.9,188.8],[1046.5,189.5],[1045.8,189.8],[1044.2,190.3],[1043.2,190.2]]],[[[1033.4,191.8],[1034.2,192.5],[1034.8,192.2],[1035.6,191.5],[1037.4,190.8],[1039.9,190.1],[1039.7,189],[1039.3,188.6],[1039.1,189.4],[1037.9,189],[1037.3,187.9],[1036.5,187.8],[1035.3,189.1],[1034.5,191.5],[1033.4,191.8]]],[[[984.2,170.4],[984.1,176.2],[983.8,186.6],[984.4,187.3],[985.3,187.1],[992.7,185.6],[995.8,184.8],[996,185.7],[996.8,185.4],[996.9,184.7],[997.8,184.3],[999.9,184],[1000.7,183.7],[1007.3,182.1],[1008.5,181.8],[1013,180.8],[1013.1,181.1],[1020.1,179],[1020.8,181.9],[1021.5,181.6],[1021.8,182.4],[1021.8,183.4],[1022.4,184.2],[1023.7,184.6],[1024.6,185.4],[1025.3,186.1],[1026.4,186.1],[1026.6,187.4],[1026.9,187.7],[1027.6,189.8],[1028.2,189.4],[1029.1,189.4],[1029.8,188.8],[1030.5,187.9],[1030.1,187.1],[1030.1,186.4],[1031.1,185.7],[1031.5,186.5],[1031.8,186.3],[1031.4,185.6],[1032.1,185.5],[1031.9,184.7],[1032.5,184.7],[1032.6,183.6],[1033.3,183.5],[1032.9,182.8],[1033,182.5],[1034.7,182.6],[1034.4,183.3],[1034.8,183.9],[1034.7,184.4],[1035.2,185.6],[1035.2,186.6],[1034,188],[1033.3,189.2],[1032.8,189.4],[1031.6,190.7],[1032.4,190.3],[1032.9,189.7],[1033.6,189.4],[1034.3,188.3],[1035.4,187.2],[1035.6,186.6],[1036.8,186.1],[1037.9,185.7],[1038.3,185.1],[1038.5,184.2],[1039.6,183.6],[1040,183],[1041.6,182.8],[1042.4,182.1],[1043.2,181.8],[1044,181.2],[1045.2,180.7],[1046,180.9],[1046.1,182.7],[1046,183.4],[1046.3,183.6],[1046.5,182.6],[1046.4,181.4],[1046.5,180.9],[1046.6,179.8],[1045.7,177.2],[1044.5,175],[1043.9,174.2],[1042.7,172.9],[1042.1,172.5],[1041,172.1],[1039.7,172.1],[1039.1,172.4],[1038.9,172.8],[1039.9,173.1],[1040.5,172.4],[1041.3,172.6],[1041.9,173.3],[1042.2,173.8],[1042.7,175.8],[1042.9,175.1],[1043.3,174.9],[1044,176],[1044.5,177.5],[1044.3,178.1],[1042.9,179.2],[1041.8,179.7],[1041.1,180.3],[1040.8,180.9],[1040.2,180.6],[1038.7,180.8],[1037,180.8],[1036,180.3],[1035.5,179.9],[1035.4,178.8],[1035.1,178.1],[1034.5,177.3],[1033.9,177],[1033.4,177.4],[1032.5,177.1],[1031.7,176.7],[1031.4,176.3],[1032.1,176],[1031.9,175.4],[1032.3,175],[1032.1,174.1],[1031.6,173.7],[1030.3,172.6],[1030,171.7],[1028.9,171],[1027.4,170.9],[1026.7,170.2],[1025.8,170.6],[1025.6,171.2],[1025.1,171.6],[1024.8,171.3],[1024.9,170.7],[1024.3,170.4],[1024.6,169.5],[1025.3,169.5],[1024.2,168.4],[1024.3,168],[1024.8,167.2],[1025,167.8],[1025.5,167.8],[1025,166.9],[1025.5,166.7],[1025.7,166.3],[1026.3,165.5],[1025.6,165.2],[1025.4,164.7],[1026.1,164.4],[1026.4,164],[1028.1,163.2],[1028.3,162.8],[1028.8,162.9],[1029.1,161.7],[1029.5,161.3],[1029.3,160.9],[1028.8,160.8],[1028.3,160.4],[1027.7,161.4],[1027,161.4],[1026.1,160.6],[1025,159],[1024.3,157],[1023.8,157.4],[1023.1,157.1],[1022.3,157.2],[1021.8,157.7],[1020.8,158.3],[1020.6,158.6],[1020.6,159.6],[1019.3,159.6],[1018.6,160.5],[1019,161.7],[1018.3,161.7],[1017.9,161.9],[1017.4,163.1],[1009.8,164.9],[1005.9,165.8],[997.8,167.5],[991.9,168.7],[984.2,170.4]]]]}},{"type":"Feature","properties":{"st":"MD","fips":"24","name":"Maryland","label_x":941,"label_y":271.2},"geometry":{"type":"MultiPolygon","coordinates":[[[[962.1,292],[962.2,291.1],[961.9,290.3],[961.2,290.1],[960.8,290.7],[961.2,292.2],[962.1,292]]],[[[959.5,288.4],[960.4,288.3],[960.3,288.9],[961,289.3],[961.3,289.1],[960.9,288.5],[961,288.1],[960.5,287.6],[960.5,286.9],[959.9,286.4],[959.2,286.8],[959.5,288.4]]],[[[891.9,262.9],[892.7,267.3],[892.6,267.4],[893.8,275],[894.6,274.6],[895.4,273.3],[896,272.5],[896.5,272.1],[897,272.2],[897,271.6],[897.5,271.2],[897.4,270.7],[898.1,270.4],[898.2,269.9],[898.8,269.6],[899.3,268.9],[899.8,267.7],[900.5,267.1],[900.8,267.4],[902.3,267.8],[902.3,267.3],[902.8,266.6],[903.2,265.7],[903.4,265.6],[904,263.9],[904.7,263],[905,263.8],[906.6,264.5],[907.2,264.6],[907.8,264.4],[908.9,264.7],[909.7,264.4],[910.7,264.3],[911.2,263.3],[910.6,263.1],[911.1,262.3],[911,261.8],[912,261.5],[912.2,261.2],[913.8,261.4],[913.9,260.9],[915.1,259.3],[916.3,259.4],[916.9,259.6],[917.8,260.2],[918.3,260.9],[919,260.9],[920.5,260.2],[921.4,260.2],[921.6,260.6],[921.5,261.2],[920.9,261.4],[920.8,261.7],[921.7,262.3],[921.9,262.8],[922.7,263],[922.8,263.6],[923.1,264.2],[923.7,264.2],[924.2,265],[924.1,266.3],[924.8,266.5],[925.6,266.2],[926.7,266.5],[927.6,266.3],[928.2,267.1],[929.3,267.4],[929.9,267.8],[929.6,268.8],[929.2,269],[929,269.9],[929.3,270.5],[929.9,270.6],[930.5,271.3],[932.1,271.3],[932.7,271.2],[933.6,271.4],[934.6,271.8],[934.7,272.6],[935.3,272.9],[936.6,272.8],[937.2,273.4],[938.4,271.7],[941.2,273.6],[939.3,276.4],[939.6,278.1],[938.6,278.8],[938.2,279.5],[938.5,280.4],[938.3,281.1],[937.7,281.3],[937.2,282.5],[936.9,282.7],[936.6,283.7],[936.6,284.4],[937.1,285.5],[937.1,286],[937.5,286.7],[938.4,287],[939.5,286],[939.6,285.5],[940.2,285.5],[940.9,284.5],[941.4,284.4],[942.1,285.4],[942.6,286.5],[943.6,287],[943.8,287.5],[944.9,287.9],[945.5,287.7],[944.5,286.3],[945.1,286.2],[945.6,287.1],[946,287.4],[946.3,288.4],[947.2,288.6],[947.3,288.2],[948.5,288],[950.1,288.2],[950.9,288.6],[951.3,289.4],[952.1,289.6],[952.6,290],[953.2,289.3],[953.7,290],[954.2,290],[955,290.9],[955.8,291.1],[955.1,289.4],[955.4,288.9],[953.8,287.3],[953.3,286.4],[953.6,285.4],[953,285.2],[952.5,285.8],[951.7,285.4],[952.7,285],[953.1,284],[952.9,283.4],[950.6,281.6],[950,280.6],[949.6,279.2],[949.6,278.5],[948.9,277.2],[948.8,276.1],[948.2,275.7],[948,275.2],[948.7,274.2],[948.9,273.3],[948.3,272.8],[948.7,272.2],[948.5,271.6],[949,271.2],[949.1,270.8],[948.5,270.1],[949.4,269.5],[949.8,268.9],[949.5,268.5],[948.8,268.1],[948.9,267.4],[948.6,266.7],[948.6,266.3],[947.4,265.7],[947.2,265.8],[946.4,265.3],[946.3,264.8],[945.9,264.7],[945.4,264.1],[945.3,263.7],[946.4,264.1],[947.2,264.8],[948,264.8],[948.4,264.2],[949.4,263.2],[948.7,262.7],[948.6,262.2],[949,261.3],[948.9,260.3],[949.6,260],[949.9,261.2],[950.4,261.2],[950.6,260.8],[950,260.2],[950.3,259.1],[950.2,258.2],[950.5,258],[950.8,258.7],[950.5,259.8],[951.1,260.4],[951.8,259.6],[952.9,258],[953.5,257.5],[953.2,257],[952.7,257],[952.3,256.6],[952.5,255.6],[953,255.3],[954.6,254.7],[954.8,255.1],[954.6,255.8],[954.5,256.6],[955,257.2],[954.7,258.1],[954.2,258.5],[954.1,259.3],[953,259.5],[952.6,260.5],[952.2,260.6],[952.1,261.8],[951.7,262.4],[951.2,265.4],[951.7,265.6],[952.2,266.5],[952.4,267.2],[952.4,267.9],[953,268.2],[952.8,266.5],[953.2,266],[953.8,266.1],[953.7,266.8],[953.3,267.3],[953.9,268.3],[953.4,269.1],[952,269.2],[951.3,268.2],[950.7,270.5],[951,272],[951.6,272.1],[951.3,271.1],[952.3,270.1],[953,269.9],[953.6,270.1],[953.9,271.7],[954.3,272.4],[953.9,272.9],[953.2,272.7],[952.9,272.2],[952.3,272.9],[952.3,273.6],[952,274.2],[952.2,276.3],[952.5,275.2],[953.4,275.4],[953.6,274.8],[954.9,276.1],[955.3,275.9],[956,276.7],[956.6,276.9],[957.2,276.7],[957.9,277.1],[958.5,277.9],[958.3,278.1],[957.3,277.5],[956.9,277.8],[956.3,277.5],[955.9,277.6],[955.6,276.9],[955,277.6],[954.5,277.2],[953.8,277.8],[954,278.2],[953.8,278.8],[954.8,279.7],[954.6,280.2],[953.3,280.8],[953.5,281.2],[954.7,282.4],[954.8,282.9],[955.5,283.4],[955.3,284],[955.6,284.3],[956.1,284.4],[957.6,285.9],[958.2,286],[958.7,285.4],[959.8,285.5],[959.9,284.5],[959.4,284],[959.8,283.3],[959.9,282.2],[960.4,282.3],[960.8,283.2],[960,283.9],[960.8,284.7],[961.3,284.7],[961.5,284.3],[961.4,283.7],[961.6,282.7],[962.3,282.1],[962,284.5],[962.4,285.1],[962.9,284.8],[963.5,285.4],[962.8,285.7],[961.9,286.3],[961.8,287.6],[962.1,288],[962.9,287.2],[963.5,287.3],[964.1,286.9],[964.1,287.6],[963.7,288],[963.6,288.7],[964.7,288.7],[964.9,289],[964.5,289.5],[963.9,289.6],[964,290.1],[963.7,291.1],[964,291.5],[964,292.2],[964.7,292.3],[965.8,290.7],[966.7,290.7],[967.1,290.3],[968.1,290.5],[968,290.8],[968.6,289.6],[975.3,287.3],[975.8,285.5],[976,283.3],[976.3,281.1],[976.3,280.2],[976.6,279.8],[976.6,277.6],[976.6,276.7],[974.1,277.3],[969.8,278.2],[965,279],[963,272.1],[960.5,262.9],[958,254.1],[957.3,251.6],[957,250.2],[949.2,251.8],[940.7,253.6],[935.8,254.6],[927.4,256.3],[922.9,257.2],[917,258.3],[908.5,259.9],[899.5,261.5],[891.9,262.9]]]]}},{"type":"Feature","properties":{"st":"ME","fips":"23","name":"Maine","label_x":1041.7,"label_y":98},"geometry":{"type":"MultiPolygon","coordinates":[[[[1056.2,117.4],[1056.5,117.6],[1057,117.3],[1056.6,116.9],[1056.2,117.4]]],[[[1055.7,115.8],[1056.3,116],[1056.5,115.2],[1056.3,115.1],[1055.7,115.8]]],[[[1053.9,117],[1054,117.2],[1054.7,117.1],[1055.3,117.5],[1055.8,116.5],[1055.1,115.9],[1054.4,115.8],[1053.7,115.4],[1053.9,117]]],[[[1052.2,112.9],[1052.2,113.2],[1053.2,113.2],[1052.4,111.9],[1052.1,112],[1052.2,112.9]]],[[[1047.9,116.8],[1048.2,117.2],[1049.1,117.3],[1049.1,116.8],[1048.7,116.6],[1047.9,116.8]]],[[[1049.3,125.4],[1049.7,126.5],[1050,126.3],[1049.7,125.3],[1049.3,125.4]]],[[[1047,120.1],[1047.6,120],[1047.7,120.6],[1048,121],[1047.9,121.5],[1048.7,121.8],[1049.8,121.2],[1050.1,120.3],[1048.9,119],[1048.5,117.9],[1048.1,118.1],[1047.2,119.2],[1047,120.1]]],[[[1045.7,117.1],[1046.3,117.7],[1046.6,117.1],[1046.7,115.6],[1046.4,114.9],[1046.7,114.1],[1046.3,113.6],[1045.9,113.9],[1045.9,115],[1046.1,115.6],[1045.7,117.1]]],[[[1025,152.2],[1025.4,151.8],[1025.9,150.1],[1025.7,149.5],[1026,147.9],[1025.6,147.4],[1025.7,145.9],[1026,145.1],[1026.8,144.7],[1027.1,144.7],[1027.8,144],[1027.5,143.5],[1028,143],[1028.2,142],[1027.8,141.5],[1027.5,140.6],[1027.8,139.8],[1028.5,139.4],[1028.9,138.8],[1029.5,138.9],[1030.2,138.4],[1029.6,137.8],[1029.6,136.9],[1030.2,135.5],[1030.7,135.4],[1031.3,134.4],[1032.4,134.2],[1032.5,133.4],[1032.8,132.7],[1033.2,132.3],[1034.2,132.1],[1034.9,133.7],[1035.1,133.2],[1036.3,132.3],[1036.5,131],[1036.5,130.3],[1037.7,130.7],[1037.4,129.7],[1037.9,129.8],[1038,129],[1038.9,129.2],[1038.8,128.2],[1039.1,128.2],[1039.7,129],[1039.8,127.9],[1040.5,127],[1040.2,125.9],[1041.1,125.5],[1041.4,126.5],[1041.8,126.3],[1041.9,125.7],[1042.4,125.8],[1042.3,126.7],[1042.6,127.7],[1043.1,127.3],[1042.6,126.6],[1042.7,126.3],[1043.8,125.9],[1044.2,124.3],[1045.5,123.9],[1045.8,123.9],[1046,122.9],[1045.2,122.1],[1045.4,121.7],[1044.5,121.1],[1044.8,120.4],[1044.5,119.6],[1044.8,119.3],[1044.7,117.9],[1045,116.8],[1045.4,115.6],[1045.3,114.7],[1044.7,114.1],[1044.1,113.3],[1044.9,113],[1045.1,112.3],[1045.8,112.7],[1046.6,111.7],[1046.3,111.2],[1046.7,110.1],[1047.2,110.8],[1047.3,111.7],[1047,112.4],[1047,112.9],[1047.5,113.9],[1047.6,115.1],[1048.1,115],[1048.5,114.4],[1049.2,114.4],[1048.9,115],[1049.5,115.3],[1050.3,115.4],[1050,116.3],[1049.7,116.7],[1050.2,117.4],[1050.3,117.9],[1051.6,118.5],[1052.1,119.5],[1051.7,119.7],[1052.4,121.2],[1052.7,120.8],[1053.2,120.8],[1053,120.2],[1053.1,119.4],[1052.4,118.9],[1052.2,118.5],[1052.4,118],[1052.2,117.1],[1052.6,116.5],[1052.5,116.1],[1053,115.7],[1052.9,114.7],[1052.3,114],[1051.8,113.7],[1051.9,112.8],[1051.2,112],[1051.7,111.7],[1052.2,110.8],[1053.2,110.3],[1053.3,111.2],[1053.6,111.2],[1054.2,110.4],[1054.5,110.8],[1054.1,111.6],[1053.5,111.9],[1053.4,112.6],[1054,113.2],[1054.4,114],[1054.9,114.4],[1056.4,114.6],[1056.6,114.1],[1057.2,114.2],[1058.2,113.8],[1057.5,112.7],[1057.9,112.1],[1058,111.6],[1057.5,110.6],[1057.5,110.3],[1058.7,109.7],[1059,110.6],[1060,110.9],[1060.2,108.9],[1060.7,109.3],[1061.4,108.5],[1061.5,108],[1062.5,107.7],[1062.7,107],[1062.6,106.4],[1062.9,106.2],[1063.1,105.4],[1063.6,105],[1063.8,105.7],[1064.3,105.6],[1064.4,104.5],[1064.8,104.3],[1065.6,105.3],[1066.4,105.7],[1066.6,106],[1067.2,105.5],[1067.5,104.5],[1066.4,104],[1066,103.4],[1066.6,103],[1067,103.3],[1067.8,101.7],[1068.6,101.6],[1068.6,101],[1068.9,100.7],[1068,99.5],[1069.3,98.8],[1069.6,99.9],[1070,100],[1069.9,100.9],[1070.2,101.2],[1070.8,100.9],[1070.4,100.5],[1071.6,99.6],[1071.6,99.2],[1072,98.9],[1072.1,98.2],[1072.5,97.5],[1072.4,97],[1072.8,96.8],[1072.8,96.1],[1073.4,95.9],[1073.8,94.8],[1073.3,94.1],[1073.5,93.8],[1073.1,93.2],[1073,92.5],[1071.9,92.1],[1071.4,91.2],[1070.6,90.4],[1069.9,90],[1070.2,89.6],[1069.6,88.7],[1068.5,87.8],[1067.7,87.8],[1067.4,88.1],[1066.5,87.7],[1066.2,87.9],[1066.4,88.8],[1065.9,89.5],[1064.6,89.1],[1064,88.4],[1063.6,87.7],[1063.1,87.5],[1062.4,86.8],[1062.7,86.4],[1062.9,84.3],[1061.6,83.3],[1061.3,82.7],[1060.7,82.1],[1061.2,81.5],[1061.8,81.5],[1061.5,80.6],[1061.3,79.8],[1060.8,79.3],[1060.4,79.4],[1060.1,79.9],[1059.1,80.1],[1057.6,80.1],[1056.1,79.3],[1055.2,79.2],[1054.7,79.4],[1054.2,78.2],[1054.7,78.1],[1054,77.4],[1053.9,76.5],[1054.5,75.9],[1053.7,75.4],[1053.3,74.7],[1053.7,74.3],[1053.9,73.7],[1053.2,73.3],[1050.9,65.8],[1048.6,58.6],[1047.2,54.2],[1045.4,48.1],[1043.8,47.8],[1043,46.9],[1042.7,46.8],[1042,46],[1041.3,45.8],[1040.7,45.4],[1039.7,45.2],[1039.5,44.9],[1038.5,44.6],[1038.1,44.1],[1036.8,43.9],[1035,44.1],[1034.4,44.8],[1034.6,45.7],[1034,46.3],[1033.4,46.2],[1032.7,46.3],[1032.1,46.9],[1031.7,46.9],[1031.7,47.6],[1031.4,48],[1030.7,48.4],[1029.9,48.5],[1029.4,49],[1028.6,49.5],[1028,50.3],[1027.5,50.7],[1024.9,49.9],[1024.2,48.4],[1023.8,47],[1023.8,46.2],[1023.6,45.8],[1023.1,46.1],[1022.3,45.9],[1021.3,45.8],[1020.6,45.9],[1017.5,55],[1015.2,61.7],[1013.5,66.6],[1014.4,73.1],[1013.9,73.4],[1013.3,74.8],[1012.9,74.9],[1012.5,75.8],[1012.7,76.4],[1012.3,77.3],[1012.3,78.7],[1012,79.2],[1013.2,80],[1013.2,80.9],[1012.7,81.4],[1012.6,82.2],[1013.1,82.3],[1012.7,83.2],[1013.1,83.6],[1013.2,84.5],[1013.9,84.3],[1014.4,84.6],[1014.2,85.1],[1014.5,85.9],[1013.9,86.8],[1013.4,87.1],[1012.6,88.7],[1012.9,89.5],[1013.5,90],[1012.8,90.9],[1012.3,91.1],[1011.6,92.1],[1011.1,92.3],[1010.8,93.2],[1010.1,94],[1009.7,95.2],[1009.8,95.5],[1009.5,96.4],[1009.7,97],[1010.6,97.6],[1011.1,97.8],[1011.5,98.3],[1011.7,99],[1010.9,99],[1010.4,99.2],[1009.5,98.5],[1009,98.6],[1008.5,99.5],[1009,99.9],[1009,100.8],[1009.3,101.7],[1009,102.7],[1009.1,103.5],[1008.6,103.5],[1007.7,102.7],[1007.6,101.9],[1006.9,101.5],[1006.4,101.7],[1006.1,102.1],[1005,102.8],[1005.4,104.1],[1007.2,109.5],[1008.4,113.1],[1009.8,117.3],[1010.4,119.5],[1012,124.4],[1014.9,134],[1015.8,136.8],[1017.4,141.8],[1017.9,142.1],[1018,142.9],[1018,143.7],[1018.4,144.7],[1018.1,145.4],[1018.4,146.3],[1018.9,146.9],[1019.4,146.9],[1019.9,147.2],[1020.7,148.2],[1022,148.7],[1022.3,150.1],[1022.3,150.8],[1022.5,151.2],[1024.3,152.1],[1025,152.2]]]]}},{"type":"Feature","properties":{"st":"MI","fips":"26","name":"Michigan","label_x":746.4,"label_y":127.7},"geometry":{"type":"MultiPolygon","coordinates":[[[[783.6,132.9],[783.9,133.7],[784.5,133.9],[785.2,134.6],[785.4,135],[786.8,135.2],[787.5,134.6],[787.7,133.9],[786.4,133.7],[785,133.3],[784.6,133.4],[783.6,132.9]]],[[[770.7,135.8],[771.3,135.7],[771.3,135.3],[770.9,134.9],[770.7,135.8]]],[[[768.4,134.8],[768.4,135.6],[768.8,136],[769.6,136.2],[769.7,135.4],[768.4,134.8]]],[[[767.3,140.4],[767.5,140.7],[768.5,140.9],[768.9,140.7],[769.6,139.6],[769.4,138.9],[769.1,138.2],[769.3,137.8],[769,136.5],[768.3,136.7],[767.9,136.5],[767.9,137.7],[767.5,138.4],[767.6,139.4],[767.3,140.4]]],[[[765.8,137.3],[765.9,138.2],[766.3,138.2],[766.7,137.5],[766.6,137.1],[765.9,137],[765.8,137.3]]],[[[763.5,144.5],[763.7,145],[764.5,145.9],[764.6,145.3],[764.4,144.7],[763.5,144.5]]],[[[761.3,151.9],[761.4,152.7],[762.3,153.6],[762.9,153.5],[762.7,153],[762.7,151.8],[762.5,151.5],[761.6,151.4],[761.3,151.9]]],[[[760.1,155.1],[760.5,155.4],[761.1,155],[760.6,154.1],[760.2,154.4],[760.1,155.1]]],[[[749.8,141.8],[749.5,142],[750.4,142.7],[750.7,143.4],[751.1,143.1],[751,142.7],[750.3,142],[749.8,141.8]]],[[[748.5,144.3],[748.6,145],[749.1,145],[748.8,144.3],[748.5,144.3]]],[[[756.4,232.6],[761.7,232.1],[768.5,231.4],[774.4,230.8],[782.7,229.9],[788.6,229.2],[791.5,228.8],[791.6,230.4],[799.3,229.2],[803.2,228.5],[809.7,227.5],[815,226.5],[815.5,226.3],[815,225.2],[815.1,224.5],[815.4,224.2],[815.8,223.1],[816.5,222.8],[816.6,221.7],[816.9,221.3],[817.5,221.3],[817.8,220.4],[818.7,219.5],[818.4,217.9],[818.7,217.5],[819.4,217.4],[819.5,216.6],[819.1,215.4],[819,213.9],[819.4,212.6],[819.9,211.9],[821.1,211.4],[822.1,210.8],[822.2,210.1],[822.6,209.6],[822.7,208.3],[822.4,207.9],[822.4,206.6],[822.8,205.7],[823.6,205.4],[823.6,204.6],[823.1,204.3],[823.3,203.4],[823.9,203.3],[824,202.9],[824.9,202.3],[825.3,202.3],[826.3,203],[826,203.5],[825.4,203.8],[825.1,204.3],[825.6,204.8],[825.5,205.3],[826,205.9],[826.3,205.4],[827,205.4],[828.1,203.9],[828.3,203.1],[828.2,202.4],[828.6,200.1],[828.2,199],[828.3,197.8],[828.1,197.1],[828.3,196.2],[828.8,194.9],[828.5,194.2],[827.4,192.5],[827.1,192.2],[826.4,190],[826.1,189.4],[825.7,187.5],[825.1,184.4],[824,182.1],[823.5,180.7],[822.9,177.6],[822.2,175.5],[821.7,174.7],[821.3,174.3],[820.6,172.9],[819.9,172],[818.9,171.4],[817.5,171],[816.7,170.5],[815.9,170.8],[815.5,171.2],[815,171.4],[814.7,172.1],[814.2,172.5],[813.7,172.5],[812.6,173.2],[811.2,173.6],[811,174.5],[810.5,175],[809.1,175.2],[809.1,175.5],[810.4,175.4],[810.4,175.9],[809.9,176.6],[809.5,176.8],[809.4,177.7],[809,178.4],[808.8,179.1],[808.1,180.6],[807.4,180.4],[807.1,181],[805.6,183.5],[804.8,183.2],[802.5,182.4],[802.3,182.6],[801.2,182],[800.6,181.1],[800.2,180.1],[800.6,179.7],[800.5,177.7],[800.6,176.3],[800.8,176.2],[801,175.2],[801.5,174.3],[802.8,174.4],[803.3,173.9],[804.1,174.1],[804,173.1],[804.5,172.6],[805.6,172.4],[805.4,171.7],[805.6,171.3],[805.5,170],[805.6,168.3],[806.2,167.1],[806.6,166.9],[807.5,167],[807.7,166.4],[808.4,165.4],[808.9,165.2],[808.8,164.4],[808.9,163.7],[808.7,162.7],[808.6,161.1],[808.7,160.5],[808.4,158.9],[808.6,157.8],[808.7,156.3],[808.2,155.6],[807.9,153.7],[807.5,153.2],[807.4,152.5],[806.1,152.2],[805.5,151.7],[805.1,151.1],[805.1,149.9],[804.7,149.2],[805,148.6],[805.8,148.1],[806.6,148.8],[807.8,149.1],[807.5,148.6],[807,148.5],[806.8,147.9],[807,147.5],[806.7,146.7],[805.9,146],[804.9,144.6],[804.7,144],[805.2,143.6],[804.4,143.2],[803.2,142.1],[802.3,141.9],[801.8,142.2],[801.3,142.1],[799.6,141.3],[799.1,141],[798.6,141.1],[797.7,141],[797.1,140.7],[795.8,139.7],[795.3,139.6],[794.4,139.7],[793.9,139.7],[793.1,139.9],[792.5,139.6],[791.8,138.1],[790.4,136.8],[789.5,136.7],[788.4,136.4],[787.7,136.7],[787,136.4],[786.3,136.9],[784.6,135.9],[781.8,134.8],[781.6,134.3],[780.8,134.3],[780.5,135.4],[778.7,135.5],[778.2,135.3],[777.6,135.6],[778.2,136.1],[778.2,136.5],[777.2,138],[776.3,138.7],[775.7,140.1],[775.9,140.8],[776.5,142.2],[777.4,143.1],[778.2,143.3],[778.4,143.1],[779.4,143.2],[779.6,143.9],[778.9,144.4],[777.7,144.8],[775.9,144.8],[774.8,145.3],[773.9,146.4],[773.3,146.5],[772.4,147.6],[772.2,148.5],[772.4,149.5],[772.9,151.2],[773,152.3],[772.8,152.9],[773,154],[772.9,155.6],[772.5,156.8],[771.9,158.4],[771.5,158.8],[771.5,159.6],[771.2,160.1],[770.3,159.9],[770.5,158.7],[770.7,158.1],[771.2,157.7],[771.4,157.3],[771.3,155.2],[771.7,155],[771.4,154.3],[770.7,154.8],[770.6,156],[770.8,157.2],[770.6,157.4],[770.1,158.8],[770,159.7],[769.5,159.8],[768.9,158.4],[768.8,157.4],[769.1,156.2],[769.5,156.1],[769.3,154.9],[768.6,155],[768.8,154.3],[769.3,153.8],[769.3,153.3],[769.8,153.3],[768.8,151.4],[768.9,150.8],[769.5,150.7],[770,150.1],[769.8,149.3],[769.1,150.1],[768.5,150],[768,151],[767.7,152.3],[767.3,153],[766.8,153.4],[766.4,154.3],[766.4,155.2],[766,155.9],[765,156.3],[764.6,155.9],[763.9,155.7],[763.3,157.2],[762.8,157.4],[762.3,157.1],[761.8,157.4],[761.8,157.9],[762,159],[762,160.6],[761.8,161.3],[761.4,161.6],[759.6,162.3],[759.2,162.8],[759.3,163.7],[759.9,164.9],[760.1,165.6],[759.8,167.6],[760,169.1],[759.8,170.9],[759.4,171.8],[759,172.9],[758.8,173.2],[758.6,174.2],[757.7,176.4],[756.6,177.6],[756.4,178],[756.7,178.9],[757.4,180],[758.2,182.6],[758.4,183.6],[758.2,184.6],[758,185.3],[757,187],[756.9,187.4],[757,188.4],[757.4,189.3],[758.3,190.7],[759.3,193.4],[760.1,195.3],[761.8,198],[763.1,200.5],[763.8,202.7],[764.4,205.7],[764.8,209],[764.8,210.3],[764.6,210.9],[764.8,211.9],[764.7,213.2],[764.6,214.7],[764.1,217.6],[763.4,220.2],[762.7,221.6],[761.5,223.6],[761.3,224.4],[760.5,226.5],[760.2,227.9],[759.7,229.1],[758.1,231],[756.4,232.6]]],[[[703.9,92.5],[704.8,93.1],[705,93.5],[705.5,93.6],[706,93.5],[707.1,92.9],[709.3,91.8],[708,91.9],[707.8,91.5],[709,90.7],[709.4,90.3],[710.5,90],[712.2,89.1],[712.9,88.7],[714.3,87.5],[714.3,86.9],[715.3,85.9],[716.2,84.9],[716.6,84.7],[716.5,84.2],[715.6,84.5],[715,84.9],[714.6,84.7],[712.9,85.7],[712.7,86.2],[711.9,86.7],[710.6,87.9],[710.2,87.8],[709.4,88.4],[706.3,90.2],[705,91.1],[704.5,91.6],[703.9,92.5]]],[[[687.2,124.3],[687.6,125],[688.9,124.9],[688.9,125.4],[689.5,125.2],[689.6,125.6],[690.6,125.7],[690.9,126.3],[691.6,127.8],[692.3,128.9],[692.3,129.4],[695.7,130.1],[702.7,131.6],[709.4,132.9],[714.3,135.3],[715.4,135.1],[716.4,135.4],[716.7,135.8],[717.4,135.9],[717.9,135.3],[719.2,135],[719.4,135.5],[719.8,135.4],[720.8,135.9],[721.4,135.5],[722.3,136.2],[722.9,136.3],[723.4,136],[723.9,136.3],[724.6,136.2],[726,136.9],[726.2,137.6],[726.6,138],[725.7,139.1],[726.4,139.9],[726.8,140],[728.1,139.6],[728.3,140.2],[728.9,140.4],[729.6,140.3],[730.3,140.5],[730.5,141],[731.3,141.3],[731.7,142.1],[731.2,142.4],[731.1,142.8],[731.9,143.6],[731.9,144.5],[731.3,144.7],[731.9,146.2],[731.7,147.1],[730.9,147.8],[731.2,148.4],[730.7,149.5],[731.3,149.9],[732.9,149.6],[733.7,148.7],[734.4,149],[734.7,149.7],[734.1,150.7],[734,151.5],[733.4,153.1],[733.5,153.8],[734.6,154.6],[735,155.2],[736.1,155.4],[735.7,154.8],[736,153.7],[736.6,153.1],[737.8,151],[738.2,150.5],[738.3,150],[738.7,149.1],[738.8,148.7],[739.8,147.1],[739.6,146.8],[740.2,145.4],[740.5,144.2],[741.5,142.1],[741.8,141.5],[742.8,140.8],[743.4,140],[743.4,137.8],[743.9,137.1],[744.5,137.7],[744.8,139],[744.8,140.2],[745.1,140.5],[745.9,140.3],[747.2,139.5],[747.3,138.4],[748,137.4],[747.8,136.2],[748.4,136.1],[748.8,136.5],[750.1,136.6],[750.2,136],[750.9,135],[751.6,135.1],[751.9,136],[751.5,136.5],[751.6,137],[751,137.9],[750.4,137.8],[750.5,138.6],[749.9,139.3],[750,139.7],[749.3,140.2],[749.5,141],[750.5,141.7],[751,141.6],[750.8,140.7],[751.4,140.5],[751.3,139.5],[752.1,139.4],[752.4,138.3],[752.9,138.4],[753.7,137.8],[753.9,137.2],[754.8,137.2],[754.9,136.1],[755.1,135.7],[755.2,134.4],[755.8,133.5],[756.5,133.3],[757.1,132.9],[757.7,133],[758.3,132.7],[759.5,132.6],[761.6,133.1],[761.6,132.7],[762,132.2],[762.9,132.2],[763.4,131.8],[765.3,132.1],[765.8,131.8],[766.4,130.8],[766.6,130.3],[767.8,128.7],[768.4,128.5],[769,128.7],[769.3,128.3],[770.1,128.7],[770.8,128.3],[772,128.8],[772.7,128.9],[773.2,129.2],[773.9,129],[774.8,129.3],[776.5,129.7],[777.7,130.8],[778.1,131.3],[779.4,131.9],[779.6,132.5],[781.1,133.2],[781.8,132.7],[781.4,132.3],[781.1,131.5],[781.4,131.3],[780.9,130.7],[781.1,130.1],[781.7,129.9],[781.5,128.6],[782,128],[782.8,128.5],[783.6,128.3],[784.1,128.8],[785,129.1],[785.4,129.5],[786.9,130.2],[787.6,129.6],[788.8,129.4],[789,129.1],[790,129],[791.1,128.6],[792.7,128.9],[793.2,128.6],[794.2,128.7],[794.9,128.4],[796.1,128.7],[796.5,129],[797.2,128.8],[798.1,128.7],[798.6,128.4],[799,128.7],[800.2,129],[801,128.5],[801.3,126.9],[800.4,126.6],[799.9,125.6],[799.4,124.9],[798.5,124.7],[797.3,124.8],[797,125.2],[796.3,125.3],[795.6,125],[795.7,125.8],[796.4,126.2],[796.6,127],[796.2,127.5],[795.3,127],[795,127.7],[794.5,127.7],[793.7,127],[792.9,127.1],[792.2,126.7],[791.4,125.9],[791.5,125.4],[792,124.9],[791.4,124.6],[790.8,124.6],[790.3,123.9],[789.5,124],[788.8,124.5],[788.2,124.3],[788.2,123.6],[788.6,122.9],[790.2,122.7],[790.5,122.1],[790.2,121.9],[790,120.8],[790.2,120.6],[789.5,119.5],[789.2,118.4],[789.5,116.4],[789.2,115.8],[788.4,116],[788.1,115.7],[787.6,115.9],[787.2,116.7],[786.6,117],[785.8,116.7],[784.6,117.1],[784,117.9],[784,118.5],[783.4,118.7],[782.7,119.2],[782,119.4],[781.9,118.7],[781.2,117.8],[780.4,117.9],[779.7,118.4],[778.6,119.1],[777.9,119.1],[777.5,118.6],[776.6,118.8],[776.2,118.3],[775.7,118.7],[775,118.7],[774.4,118.2],[774.2,117.7],[774.6,117.2],[774.4,116.4],[774.2,113.7],[774.4,112.9],[775.2,111.8],[774.3,111.9],[773.5,112.3],[771.7,112.4],[770.4,112.8],[768.6,113.9],[766.9,114.9],[765.2,115.2],[763.9,115.2],[763.2,115.4],[761.9,115.4],[760.5,115.3],[759.3,115.8],[758,116.2],[757.4,116.4],[756.7,116.5],[756.3,116.2],[755.6,116.7],[753.1,118.8],[751.8,119.6],[751.3,119.6],[750.9,120.2],[750,121.2],[749.6,121.8],[748.5,121.4],[748.7,120.3],[748.3,119.7],[747.9,119.7],[747.4,120.1],[747.6,120.9],[747.9,121.2],[748,122.2],[747.6,122.5],[747.1,121.8],[746.3,121.8],[745.9,122.8],[744.9,122.9],[744.7,122.4],[743.7,122.2],[743.1,121],[742.4,120.9],[741.5,121.4],[741,121.9],[739.9,121.9],[738.6,122.3],[737.1,122.1],[736.4,121.6],[736.6,121.1],[736.2,120.5],[736.4,120],[735.4,119.9],[734.9,119.2],[734.3,118.9],[733.9,118],[733,117.3],[732.7,116.6],[732.5,115.9],[731.9,115.3],[730.8,115],[730.3,115],[730,114.2],[728.6,113.7],[728.3,113.9],[727.4,113.4],[726,113.6],[725.2,113.6],[724.4,113.4],[722.9,113.9],[721.9,115],[721.6,115.9],[721.3,115.7],[721.9,114.4],[722.3,113.8],[723.3,112.9],[723.3,112.4],[721.8,113.4],[720.8,114.4],[719,116.8],[718.7,117.6],[718,117.7],[718.2,117.1],[718.5,117],[718.1,116],[718.1,114.7],[718.4,113.8],[718.5,112.6],[719,112.5],[719.6,111.4],[719.7,110.3],[720.6,109.5],[720.7,108.8],[720.9,108.4],[721.5,108.3],[721.3,107.6],[721.7,106.8],[722.5,106.6],[723.2,105.6],[723.5,105.4],[724.1,104.5],[724.7,104.3],[725.9,103.3],[725.5,102.9],[725.5,102.3],[726.7,102],[727.8,102.2],[728.9,101.6],[729.4,101.5],[729.2,100.8],[728.6,100.3],[727.8,100.1],[725,100.2],[724,100.4],[721.8,101],[721.2,101.2],[720.9,101.7],[720.2,101.9],[719.6,102.4],[718.1,103.3],[717.5,104.1],[717,105.2],[715.9,106.4],[714.6,107],[713.5,108],[713,108.8],[712.2,109.2],[711.7,109.8],[711.1,110.2],[710.3,112.1],[709.5,112.8],[708.8,112.7],[708.4,113],[707.2,113.2],[706.3,114.5],[705.6,115.2],[703.7,116.4],[702.7,116.9],[701.4,117],[699.7,117.6],[698.8,117.3],[697,117.8],[696.1,118.4],[695,119.8],[693.3,121.4],[692.2,121.9],[691.2,122.2],[689.6,123],[688.9,123.4],[688.6,123.3],[687.2,124.3]]]]}},{"type":"Feature","properties":{"st":"MN","fips":"27","name":"Minnesota","label_x":620.9,"label_y":130.3},"geometry":{"type":"MultiPolygon","coordinates":[[[[577.1,70],[576.9,70.8],[577.5,72.8],[577.9,73.5],[577.8,74.3],[578,74.5],[578.5,76.4],[579.1,77.3],[579,78.1],[578.6,78.7],[578,80.7],[578.5,82.6],[578.3,83.6],[578.4,83.9],[578.2,85],[578.7,86.8],[578.3,87.9],[578.4,88.4],[578.2,89.4],[578.9,91.7],[579.2,92.1],[579.4,93.4],[579.6,93.7],[579.6,94.6],[580.1,95.3],[580.1,96.4],[580.3,96.4],[580.7,97.5],[580.7,97.9],[581.4,98.8],[581.7,100.3],[582.2,101.3],[582.3,102.3],[582.7,103],[582.6,103.5],[582.7,104.8],[582.5,106.9],[582.8,107.8],[582.7,108.2],[582.9,108.9],[582.8,109.9],[582.9,111.2],[582.9,112.2],[583.1,112.9],[583,113.3],[583.1,114.3],[583,115.4],[583.1,117.5],[583.4,117.6],[583.6,118.4],[584.1,118.5],[583.8,119.2],[583.7,120.6],[583.4,121],[583.7,123.2],[583.4,124.6],[583.5,125.4],[584.1,126.6],[584.3,127.9],[584.4,129],[584.7,129.4],[584.6,129.9],[585.3,130.7],[585.5,131.4],[586.6,132.5],[586.6,135.1],[586.8,136.1],[587.3,138.3],[586.9,139.6],[587.1,141.8],[586.8,144.4],[586.1,145.2],[585.6,146.2],[585.3,146.5],[584,147.3],[583.8,147.6],[582.5,148.6],[582.2,149.5],[583.7,151.5],[584.3,153],[585.1,154.1],[586.1,154.2],[588.3,155.4],[588.8,156.8],[588.8,164.7],[588.8,170.8],[588.8,176.5],[588.7,182.7],[588.7,192.3],[588.6,199.2],[595.5,199.2],[604.6,199.2],[610.8,199.1],[615.9,199.1],[622.4,199],[628.9,198.9],[633.9,198.8],[642.8,198.5],[651,198.3],[659.2,198],[665.3,197.7],[670.4,197.5],[677.8,197.1],[677.3,196],[677.5,195.2],[676.8,194.5],[676.7,192.2],[677,190.7],[676.7,190.3],[676.3,189],[675.8,188.6],[675.6,188.1],[674.9,187.4],[674.8,187],[674.1,186.4],[673.4,185.5],[672.3,185.1],[671,185],[670.6,184.6],[669.9,184.2],[668.8,182.9],[666.9,182],[666.7,181.6],[665.9,181.1],[665.6,180.3],[665.5,179.5],[665,179.2],[665.1,178.6],[664.9,178.1],[664.3,177.5],[663,176.8],[662.7,176.5],[661.5,176.1],[659.9,175.8],[658.9,175],[658.4,174.4],[658.2,173.5],[657.6,173.1],[656.5,173],[656.1,173.2],[654.7,172.8],[654.3,173],[653.9,172.2],[653,171.9],[652.9,171.3],[652.2,170.8],[651,169.5],[649.7,168.8],[650.4,166.6],[650.4,165.8],[650.2,165.4],[650.5,164.4],[650.2,163.6],[650.2,162.2],[649.7,161.7],[649.8,161],[650.5,160.3],[650.1,158.5],[650.3,157.7],[650.1,157],[650.1,156],[650.5,155.8],[651.1,154.9],[651,154.5],[651.8,153.5],[651.9,152.4],[651.3,151.9],[650.5,150.8],[650.5,150.2],[649.7,149.6],[648.8,149.7],[647.8,149.4],[647.7,147.9],[648,146.1],[648.9,145.4],[649.3,144.9],[649.7,143.8],[649.6,143.4],[650,143],[650.1,142.5],[650.5,141.8],[651.6,140.9],[653,140.4],[653,140],[653.5,139.6],[654.4,139.8],[654.7,138.8],[655.1,138.6],[656.1,138.8],[656.3,138.5],[656.6,137.6],[657.1,137.4],[656.8,129.3],[656.6,123.5],[657,123.8],[657.9,123.8],[658.5,122.8],[658.2,122.2],[658.9,122.2],[659,121.7],[659.8,121.4],[660.7,122.4],[661.1,122.3],[659.8,120.8],[659.7,120.5],[661.9,118.6],[663.7,117.1],[664.2,116.9],[665.8,115.2],[666.4,114.9],[667.5,113.6],[667.8,113.1],[669.3,112.2],[670.2,111],[671.2,110.2],[671.6,109.4],[672.6,108.4],[673,107.8],[673.7,106.9],[674,106.3],[674.6,105.5],[675.1,105.1],[675.9,104.1],[676.2,103.9],[678.6,101.6],[680.6,99.9],[683,98.5],[683.7,97.9],[684.9,97.4],[685.2,97.1],[686.9,96.7],[688.2,96],[689.2,95.8],[689.6,95.4],[690.3,95.3],[691,94.9],[692.5,94.4],[693.1,94],[693.3,93.6],[694.4,93.2],[695.3,92.8],[696.7,91.5],[697.6,91.2],[697.7,90.5],[698.4,90.8],[699,90.6],[698.5,90.1],[697.8,89.8],[696.8,89.9],[695.8,89.6],[694.9,89.9],[693.9,90.6],[693.2,90.5],[692.9,90],[692.3,90.1],[691.9,89.8],[691.9,89.3],[691.3,88.5],[689.6,88],[688.1,88.2],[687.1,88.4],[686.8,88.3],[685.8,88.7],[685.3,88.4],[684.7,88.6],[682.9,88.7],[682.5,88.2],[681.5,88.6],[679.9,88.9],[679.6,88.9],[679,87.9],[678.8,87.1],[678.4,87.2],[678.2,85.7],[677.5,85.5],[676.8,86],[676,86.2],[675.2,87],[674.8,87],[673.6,87.9],[673.6,88],[671.9,89.6],[671.2,89.9],[670,90.1],[669.1,90.6],[668.7,90.1],[668.1,90.2],[666.9,90.8],[666.8,89.6],[666.5,89.5],[665.7,89.6],[665.4,89.3],[664.5,89.3],[664.7,88.6],[664.4,87.3],[663,87.3],[662.8,87.1],[662,87.2],[661.5,86.5],[660.5,86.7],[660.5,86.2],[659.7,85.9],[659.5,85.2],[659.7,84.6],[659,84.4],[658.8,83.8],[658.4,83.9],[657.1,83.8],[656.4,84.2],[655.5,84],[655.1,84.3],[655,85.6],[655.3,86.6],[654.2,87],[654,87.2],[653.2,85.5],[652.3,84.2],[652.1,83.8],[652.4,83.1],[651.6,82],[649.2,82.4],[648.7,82.2],[648.3,81.8],[648.5,81],[649.5,80.9],[649.7,80.6],[649.5,79.9],[649.1,79.8],[648,80],[644.8,78.5],[644.4,78],[643.9,78.2],[642.3,78.1],[640.9,78.3],[640.4,77.8],[639.6,77.9],[638.2,78.3],[638.1,78.6],[636.4,79.1],[636.5,79.8],[636.3,80.2],[635.1,80.6],[633.8,80.6],[633.6,80.9],[631.2,81],[630.8,80.7],[631,79.8],[630.7,78.9],[630.4,78.4],[629,78.4],[627.8,78.1],[625.4,78.1],[624,78],[623.7,76.9],[623,76.7],[622.5,76.8],[621.3,76.7],[621,77.1],[619.4,76.9],[618.6,76.6],[617,75.2],[616.7,74.1],[617,73.7],[617,72.7],[615.9,67.7],[615.6,67.2],[615.2,65.5],[615.2,65.1],[614.7,63.2],[614.8,62.6],[614.2,62.5],[612.6,61.5],[611.7,61.8],[611,61.9],[610,61.5],[609.6,61.2],[609.6,70.1],[607,70.2],[600,70.2],[590,70.2],[583.2,70.1],[577.1,70]]]]}},{"type":"Feature","properties":{"st":"MO","fips":"29","name":"Missouri","label_x":660.7,"label_y":320.5},"geometry":{"type":"MultiPolygon","coordinates":[[[[600.5,268.2],[600.4,268.3],[600.7,269.6],[601.7,269.5],[601.8,268.8],[602.2,268.7],[602.5,269.3],[602.4,269.8],[601.7,270.1],[601.8,270.9],[602.4,271.6],[602.4,272.2],[602.7,273.3],[603.1,274],[602.5,274.4],[602.7,274.8],[603.3,274.6],[604.3,275.1],[604.3,275.6],[604.9,276.1],[605.5,276.1],[605.8,276.6],[605.6,277.3],[605.7,277.7],[606.4,278.3],[606.5,278.7],[607.1,279],[606.7,280.6],[606.9,281.1],[607.7,281.3],[608.7,281.8],[608.8,282],[608.9,282.4],[609.4,282.7],[610,283.3],[610.7,283.6],[610.6,284.2],[611.7,284.3],[611.8,284.8],[612.8,285.3],[613.6,285.2],[614,284.4],[615,284.3],[615.6,284.7],[615.3,285.4],[615.8,285.8],[616.3,285.9],[616.5,286.5],[616.2,286.9],[615.7,286.9],[615.8,287.6],[616.5,287.4],[616.8,287.6],[616.6,288.3],[616.1,288.5],[615.1,288],[614.9,288.3],[614.9,289.2],[614.6,289.6],[613.9,289.9],[613.4,290.9],[613.5,291.4],[613.4,291.9],[612.4,292.1],[612.5,293],[613.5,294],[613.8,294.8],[614.6,295.1],[614.8,295.6],[615.8,296.5],[616.2,296.3],[616.6,296.7],[616,297.4],[616.3,298.5],[616.7,299],[617.2,299.3],[617.6,299.9],[617.7,300.7],[618.3,300.7],[618.8,301.4],[619.3,301.6],[620.1,301.3],[620.6,301.4],[620.6,301.9],[621.4,301.8],[621.9,302.3],[621.6,302.8],[621.7,309.7],[621.7,314.6],[621.7,319.7],[621.8,324.1],[621.9,330.6],[621.9,334.7],[622,340.7],[622.1,348.5],[622.1,353],[622.2,356.6],[622.3,364.9],[631.8,364.7],[639.2,364.6],[644.7,364.4],[650.3,364.3],[657,364.1],[661.8,363.9],[664.9,363.8],[671.7,363.5],[680.2,363.1],[682.6,363],[687.9,362.8],[695.6,362.3],[706.1,361.7],[706.6,363.2],[706.4,363.5],[707.1,363.9],[707.6,364],[707.9,364.3],[708,365],[707.7,365.9],[708.1,366.2],[707.7,367],[707.2,367.2],[707,368.1],[706,368.7],[705.1,369.8],[705.1,370.3],[704,371],[703.6,371.6],[703.1,373.1],[702.6,373.9],[707.3,373.5],[714.8,373],[715.3,373],[715.6,372.1],[715.6,371],[715.9,370.7],[716.6,370.4],[717.2,369.8],[717.2,369.3],[716.9,368.8],[715.2,367.6],[715.1,367],[715.9,367],[717.1,367.2],[718.1,366.8],[718.1,366.4],[716.6,365.5],[716.5,364.8],[718,364.7],[718.4,363.9],[717.7,362.8],[718,361.4],[717.6,361],[716.9,359.9],[717.2,359.1],[717.7,359],[718.5,359.2],[718.9,360.1],[718.6,360.9],[718.7,361.8],[719.1,361.9],[719.6,361.4],[719.9,360.8],[720.4,358.8],[720.5,358],[721.4,357.5],[722,358.4],[722.8,359],[723.3,358.9],[723.7,358.1],[723.8,357.4],[724.5,356.5],[724.2,356],[723.6,355.4],[723.6,354.8],[724.1,354.3],[724.9,354.4],[725.1,353.9],[724.3,353.6],[723.9,353.2],[723.9,352.4],[724.5,352.2],[724.8,351.2],[725.1,349.9],[724.8,349.1],[724.4,349],[723.7,349.3],[723.3,349.1],[723.1,348.4],[721.9,347.2],[721,347.2],[721.2,347.7],[722,348.4],[721.9,348.8],[721.4,349],[720.9,348.5],[719.7,348],[719.6,347.6],[719.7,346.9],[719.5,346.5],[718.9,346],[717.9,344.3],[717.9,343.1],[717.3,343.1],[716.7,342.3],[716.8,341.7],[717.2,341.2],[718.2,340.8],[718.3,339.6],[718.1,338.9],[717.3,338],[716.4,336.4],[716.3,335.3],[716.7,335.3],[717,334.9],[716.2,333.9],[716.2,332.9],[715.9,332.6],[714.8,332.3],[714.2,331.5],[713.6,331.6],[713.2,331.3],[713.3,330.7],[711.7,329.3],[710.7,329.1],[710.6,328.6],[709.7,328.1],[708.7,329],[707.8,328.7],[707.3,327.9],[707.6,327.4],[708.2,327],[707.8,326.6],[707.2,326.9],[706.6,326.7],[705.7,325.7],[705,325.7],[704.4,325.2],[704.2,324.7],[703.5,324.6],[702.1,323.6],[701.5,322.6],[700.6,322.1],[699.9,321.3],[699.5,319.8],[699.4,318.8],[699.8,317.5],[700.7,316.2],[701.2,313.8],[701.8,312.6],[702.3,312],[702.5,311.3],[702.4,310.5],[701.8,309.4],[701.9,308.9],[702.6,307.9],[703.3,307.3],[703.4,306],[701.8,305.2],[700.8,304.5],[699.7,304.5],[698.4,303.8],[697.1,303.6],[696.7,303.8],[696.5,304.6],[695.5,305.9],[694.8,306.1],[694.1,305.7],[693.3,304.8],[693,304],[693,303.3],[692.2,301.8],[692.7,301],[692.6,300.3],[692.2,299.4],[691.7,297.2],[691.3,296.9],[690.5,295.9],[689.6,295.2],[687.8,294],[687.5,293.7],[686.7,293.4],[685.9,292.8],[685.5,292.3],[685.3,291.7],[684.6,290.7],[683.8,290.6],[683.4,290.2],[683,289.2],[682,288.7],[681.3,287.9],[679.9,286.8],[679.6,286.4],[679.6,285.1],[679.3,284.5],[678.4,283.9],[678,283],[678.4,282.1],[678.4,281.7],[677.9,281.1],[677,279.3],[677,278.8],[676.6,277.1],[676.5,275.9],[676.6,275.5],[676.5,274.6],[676.7,273.6],[677.2,272],[677.9,271.1],[677.5,271],[676.8,271],[676.7,270.7],[676,270.4],[676.1,270],[675.9,269.3],[675.3,269.3],[674.7,268.5],[674.3,268.3],[674.1,267.4],[673.1,267.2],[672.9,266.5],[672.2,265.8],[668.3,266.2],[665.7,266.4],[658.8,266.8],[653.9,267.1],[650.7,267.3],[645,267.6],[639.9,267.7],[637.4,267.9],[631.3,268.1],[623.2,268.3],[620.7,268.3],[614.3,268.3],[604.8,268.2],[600.5,268.2]]]]}},{"type":"Feature","properties":{"st":"MS","fips":"28","name":"Mississippi","label_x":720.1,"label_y":452.1},"geometry":{"type":"MultiPolygon","coordinates":[[[[748.6,507.5],[748.9,507.9],[749.8,508],[750.7,507.6],[750.6,507.3],[749.5,507.6],[748.6,507.5]]],[[[743.2,507.2],[743.9,507.5],[744.4,507.3],[745.3,507.6],[746.5,507.6],[746.5,507.3],[745.6,507.2],[744.3,506.9],[743.2,507.2]]],[[[738.9,508.2],[739.3,508.6],[740.8,507.9],[738.9,508.2]]],[[[735.4,508],[736.4,508.6],[737.1,508.5],[736.9,507.9],[735.4,508]]],[[[691.3,445.4],[691.2,445.8],[690.7,446.4],[690.5,447.4],[690.8,447.7],[691.6,447.8],[692.1,447.1],[691.9,445.9],[692.5,445.7],[692.9,446],[693.1,446.7],[693.4,447.1],[693.3,448],[692.7,448.8],[691.9,449.2],[691.6,449.9],[691.8,450.7],[691.6,451.4],[693.7,451.8],[693.7,452.4],[692.7,453.1],[692,453.9],[692.2,454.8],[692.8,455.2],[694.1,454.6],[694.5,453.7],[695,454.5],[694.4,455.3],[693.6,455.8],[693.7,456],[695.3,456.9],[695.1,457.5],[694.5,457.4],[693.8,456.6],[693.2,456.2],[692.9,457.2],[692.9,457.6],[693.4,458.2],[694.7,458.7],[695.4,458.3],[695.9,458.6],[695.8,459.2],[695.4,459.4],[695.3,460.2],[695.7,460.6],[697.1,460.8],[697.5,461],[697.1,461.6],[696.5,462.2],[695.9,461.9],[695.8,462.5],[695.9,463.9],[694.8,463.2],[694.3,463.8],[693.9,463.6],[693.2,464.1],[692.9,464],[692.3,464.4],[692.2,465.4],[692.4,465.9],[693.5,466.1],[694,465.8],[694.6,466],[694.6,464.7],[695.5,465.2],[695.4,465.8],[695.1,466.1],[694.9,466.6],[694.1,467.1],[694.2,467.8],[693.8,467.8],[693.2,467.2],[692.5,467.5],[692.9,467.9],[693.9,468.1],[694.3,468.6],[693.5,469.3],[692.6,469.5],[692.1,470],[691.9,471.2],[691.3,472],[690.7,472.4],[691.1,473.1],[690.8,473.6],[690.3,473.2],[690.1,472.5],[689.1,472.9],[688.8,474.7],[689.2,474.7],[690.9,474.6],[690.6,475.2],[689.1,475.3],[688.6,475.6],[688.3,476.1],[688.4,477.7],[688.3,478.2],[687.9,478.5],[687,478.3],[686.3,477.7],[686,478.5],[686.6,479.1],[687.9,478.8],[688.2,479.4],[687.4,480.2],[686.8,480.4],[686.1,480.4],[686.1,481.6],[686.2,482.5],[686.5,483],[687.1,483.6],[687,484.3],[686.3,484.2],[685.9,483.8],[685.5,482.8],[685,483.6],[685.2,484.1],[685.6,484.1],[685.6,484.8],[686.4,485.5],[686.3,486.5],[685.2,486.8],[683.9,486.7],[683.6,487],[683.8,487.5],[684.7,488.1],[685,488.4],[684.9,489.2],[684.4,489.8],[684.3,490.3],[685.6,491.3],[685.7,492.1],[684.5,493],[688.5,492.9],[695.9,492.5],[702.4,492.1],[709.5,491.7],[713.9,491.4],[722.1,490.9],[722.7,491],[722.5,491.7],[722.2,492.3],[722.3,493],[721.9,493.4],[722,494.1],[721.7,494.4],[721.4,495.6],[720.9,496.5],[721.1,497.5],[720.7,497.9],[720.9,498.3],[720.7,499],[721.1,499.1],[721.4,499.6],[721.4,500.5],[721.7,501.1],[722.3,501.7],[722.6,502.3],[723.5,502.8],[724.4,503.7],[724.5,504.8],[725.1,505.9],[725.7,506.3],[725.8,506.8],[725.5,507.1],[725.8,508.2],[726.1,508.9],[727.1,509.9],[727.8,509.5],[728.1,509.8],[728.9,509.5],[729.6,509.6],[729.6,509.2],[729.9,508.7],[730.1,508],[730.8,507.6],[731.8,506.7],[731.7,505.9],[731,505.6],[731.2,505.2],[732,505],[732.7,505.5],[732.5,506.1],[733,506.6],[734.7,505.8],[736.7,504.8],[738,504.3],[739.9,504],[740.8,504.1],[742.1,504.6],[742.2,504],[743.5,504.8],[744.5,504.8],[745.2,504.3],[746.5,504.3],[746.9,504.9],[747.8,504.6],[748.5,505],[749,505],[749.5,504.7],[749.6,504.3],[750.6,503.7],[750.1,499.9],[749.6,495.3],[748.8,489],[748.1,483.2],[746.7,472.7],[746.2,468.1],[746.4,461.5],[746.5,454.9],[746.6,448.7],[746.8,440.1],[747,429.7],[747.1,424.8],[747.3,417.4],[747.5,409],[747.6,403.3],[747.7,400.9],[747.8,396.9],[746.6,396.2],[745.6,394.6],[737.9,395.2],[727.3,396],[722,396.4],[716.2,396.8],[714.1,396.9],[705.3,397.4],[705.6,397.9],[706.7,398.7],[706.6,399.6],[706.2,400],[705.3,400.4],[704,401.4],[703.1,401.6],[702.9,401.2],[703.1,400.8],[703,400.2],[702.5,400.1],[702.1,400.5],[702.7,401.8],[702.4,402.3],[703,403.6],[702.7,403.9],[702,404.1],[701.6,403.9],[702.1,403.3],[702.1,402.9],[701.5,402.3],[701,402.7],[701.2,403.4],[700.8,403.8],[700.7,404.4],[701.8,404.8],[702.6,404.5],[702.8,404.9],[702.6,405.4],[701.8,406.3],[701.2,406.2],[701.3,405.1],[700.7,404.9],[700.7,405.5],[700.4,406.6],[700.9,407.3],[701.4,408],[701.5,408.5],[700.8,409.1],[700.6,409.8],[700.9,411.1],[700.8,411.5],[700.4,412.1],[699.7,412.2],[699.4,413],[699.5,413.7],[698.9,413.8],[699,412.7],[698.4,412.9],[697.7,412.8],[697.4,413.3],[698.1,414.1],[698,414.6],[697.5,415.1],[696.6,414.9],[696.2,415.1],[696.1,416.7],[695.4,416.5],[694.9,415.9],[694.3,416.1],[694.3,416.5],[694.8,417],[695.3,417.3],[696.6,417.2],[696.9,417.7],[696.6,418.1],[696,418.3],[694.9,417.7],[694,418.4],[694.2,419.1],[694.7,419.4],[695.5,419.3],[695.7,419.7],[695.4,420.3],[695.5,420.8],[695.1,421.1],[694.1,421],[693.5,421.3],[694.1,422.1],[694,422.5],[693.4,422.5],[693,421.7],[692.4,421.9],[691.7,421.6],[691.6,422.6],[691.9,422.9],[693,423.1],[693.2,423.4],[692.9,424.1],[692.1,425],[692.3,425.6],[692.6,426.1],[693.7,426.6],[693.7,427.1],[693.2,427.3],[692.6,427],[690.8,427.3],[690.8,428.2],[691.2,428.7],[691.7,428.8],[692.3,428.5],[692.9,428.8],[693.1,429.5],[692.1,429.9],[691.3,429.6],[690.6,428.8],[689.6,429],[689.3,429.4],[689.4,429.9],[690.4,430.2],[691.1,430.7],[691.3,431.4],[690.6,432],[689.6,432.1],[689.3,432.4],[689.8,433.2],[690.3,433.7],[689.9,434.5],[689.5,434.8],[689.6,435.2],[690,435.3],[690.7,434.9],[690.6,434.2],[690.9,433.8],[691.6,434.3],[691.7,434.9],[691.4,435.4],[690.1,435.7],[690.1,436.1],[690.5,436.4],[691.6,436.4],[692.2,435.5],[692.3,434.8],[692.9,434.8],[692.9,435.3],[691.7,436.9],[691.4,437.2],[691.4,438.4],[691.7,439.1],[692.4,439.7],[692.7,438.7],[693.3,438.7],[693.2,439.5],[692.7,440.2],[692.4,440.2],[692.8,441.1],[692.8,442.1],[692.3,442.4],[691.5,442.4],[690.8,442.2],[690.5,443],[692.1,444],[692.1,444.6],[691.4,445.1],[691.3,445.4]]]]}},{"type":"Feature","properties":{"st":"MT","fips":"30","name":"Montana","label_x":383.7,"label_y":98},"geometry":{"type":"MultiPolygon","coordinates":[[[[284.4,37.1],[282.5,45.8],[281.5,50.5],[279.4,60.4],[279.6,60.6],[280.1,62],[281,64],[281.4,63.9],[281.7,64.5],[281.6,65.5],[281.8,66.3],[282.1,66.2],[282.3,67],[283.1,68],[282.7,68.8],[283.2,69.7],[282.8,70.6],[281.9,71.1],[282.4,71.7],[282.7,72.9],[283.5,73.2],[283.1,73.7],[282,73.5],[281.8,74.1],[282.7,74.9],[282.8,75.5],[283.2,75.5],[284.2,76.5],[284.3,77.6],[284.9,78.2],[285.7,78.4],[286,78.9],[287.1,79.1],[287.5,80.1],[287.3,81],[287.9,81.2],[288,82],[288.8,82.7],[289,83.2],[289.4,83.5],[289.5,84.3],[290,84.9],[290.3,86.8],[291,86.9],[291.2,87.4],[292,88.4],[291.7,88.8],[291.6,90.3],[292.5,90.9],[292.9,91.8],[293.6,92],[293.8,92.5],[293.2,93.5],[293.5,93.9],[294.4,93.7],[294.8,93.2],[295.6,93.6],[295.8,94.1],[295.4,94.7],[296,96],[296.8,95.8],[297.8,96.3],[298.8,95.9],[299.9,95.9],[300.3,96.3],[300.2,97.3],[299.5,98.6],[299.2,99.6],[298.4,99.7],[298.6,100.6],[298.2,101.7],[297.6,102.2],[297.7,102.7],[297.5,103.4],[297,104],[296.9,104.7],[296.3,104.8],[296.4,105.4],[296.2,107],[295.7,107.2],[295.2,107],[294.8,107.8],[295.5,108.3],[295.7,108.7],[295.4,109.4],[294.7,109.9],[295,110.2],[294.8,110.9],[295.9,111.6],[295.9,112.2],[295.4,112.5],[295.8,113.4],[295.8,113.9],[295.4,114.5],[294.9,114.2],[293.9,114.3],[292.9,115.5],[292.5,115.8],[292.7,116.6],[293.2,117.1],[293.3,117.7],[293.1,118.5],[292,118.9],[292.2,119.8],[291.7,120.2],[292.6,121.1],[293.2,121.1],[293.7,122.4],[294.4,123],[294.8,123.8],[295.8,123.5],[296.5,122.6],[296.6,122.1],[297.3,122.5],[297.7,122.2],[298.5,122.2],[298.8,121.6],[299.5,121.4],[299.9,120.8],[300.9,120.2],[301,119.4],[301.5,119.3],[302.3,120.2],[302.7,121],[302.5,121.4],[303.2,121.5],[304,122.2],[304,122.6],[303.6,123],[303.2,124],[304.3,124.2],[304.3,125],[303.7,125.7],[303.9,126.3],[303.7,126.6],[304.3,127.3],[304,128.8],[304.5,129.9],[304.5,130.6],[305,131.2],[305.1,131.7],[305.6,132.3],[305.6,132.9],[306.1,134.3],[306.8,134.5],[306.4,134.9],[307,135.7],[307.4,135.8],[307.4,137.1],[307.1,138.1],[306.2,138.4],[306.6,140.1],[307,141],[307.7,141.3],[308,141.7],[308.1,142.5],[309.8,141.9],[310.6,142.6],[310.7,142.9],[311.5,143.4],[311.3,143.9],[311.8,144.5],[311.7,145.3],[312.1,145.8],[312.1,147.2],[311.5,147.5],[312.1,148.5],[312,149],[312.5,149.5],[312,150.1],[312.2,151.3],[313,152.2],[314,152.8],[313.9,153.3],[314.5,153.9],[315.1,153.5],[314.9,152.4],[315.1,152],[316.1,151.2],[317.2,150.9],[318,151.5],[319,151.5],[319.9,151.8],[320.6,152.5],[321.1,152.2],[322.4,153.1],[323.1,152.2],[323.2,151.4],[323.9,151.2],[324.6,150.6],[325.3,150.8],[325.5,151.4],[326.1,151.8],[326.9,151.7],[327.3,152.3],[328.7,151.9],[329.5,152.2],[330.1,151.9],[331.4,151.9],[331.7,152.9],[332.3,153.1],[333.9,152.8],[334.2,152.5],[335.6,153],[336.1,152.7],[336.8,153],[337.2,153.5],[337.5,153],[337.3,151.9],[338.4,150.7],[338.3,149.6],[339.2,149.5],[339.8,149.5],[340.3,148.9],[340.6,149.5],[340.9,149.5],[341.3,150.1],[342.3,152.3],[342.1,152.6],[342.2,153.4],[342.8,153.6],[342.9,154.2],[343.5,154.7],[343.4,155],[343.7,155.8],[344.6,156.1],[345.1,152.7],[346,147.1],[346.5,144],[351,144.6],[352.3,145.1],[357.3,145.8],[357.9,145.8],[360.6,146.3],[362.1,146.3],[368,147.2],[374,148],[378.7,148.6],[379,148.8],[386.7,149.9],[392.4,150.6],[397,151.2],[401.1,151.7],[407.7,152.5],[411.3,153],[412.1,153.1],[415.3,153.5],[425.6,154.7],[431.2,155.3],[431.5,155.2],[440.5,156.1],[450.5,157.1],[455.4,157.6],[462.2,158.2],[462.6,158.1],[463.3,149.4],[464,140.6],[464.3,136],[464.7,131.8],[465.5,122.8],[466.1,115.3],[466.7,108.4],[467.1,103.3],[467.9,93.9],[468.2,91.3],[468.4,88.7],[469.1,79.3],[469.5,74.1],[470.3,64.8],[461.6,64.1],[457.3,63.7],[451.9,63.2],[442.7,62.2],[436,61.5],[429.6,60.8],[424.9,60.3],[417.8,59.4],[407.5,58.2],[399,57.1],[393.2,56.3],[382.8,54.8],[377.2,54],[372,53.2],[362.1,51.7],[353.6,50.3],[346.6,49.1],[341,48.2],[335,47.1],[325.7,45.4],[319.4,44.2],[314.8,43.4],[311.1,42.6],[304.7,41.3],[298.5,40.1],[290.5,38.4],[284.4,37.1]]]]}},{"type":"Feature","properties":{"st":"NC","fips":"37","name":"North Carolina","label_x":905.5,"label_y":360.3},"geometry":{"type":"MultiPolygon","coordinates":[[[[977.1,337.7],[978.7,339.1],[978.7,340],[979.8,340],[979.5,339.1],[978.4,337.8],[977.7,337.5],[977.1,337.7]]],[[[976.1,358.9],[976.3,358.9],[977.2,357.8],[980.1,355.3],[980.8,354.9],[982.8,353.6],[984.3,353.1],[984.3,351],[984.1,347.2],[983.8,344.4],[983,342.6],[982.2,341.2],[982,341.5],[982.4,342.7],[982.9,343.5],[983.4,344.5],[983.6,345.5],[983.6,346.2],[983.8,347.1],[983.9,349.5],[984,352.2],[983.1,352.6],[982.2,353.6],[981.3,353.8],[980.9,354.5],[979.7,355.1],[979.5,355.4],[977.9,356.5],[976.9,357.5],[976.4,357.6],[976.3,358.3],[976.1,358.9]]],[[[840.2,365.7],[839.1,366.1],[838.8,366.9],[837.7,367.2],[837.6,367.9],[836.6,369],[836.2,368.8],[835.6,369.5],[834.5,370.4],[834.2,370.4],[833.4,371.7],[832.1,371.8],[831.4,371.6],[830.9,371.9],[829.4,372],[829.2,372.2],[828.2,372.4],[827.3,373.4],[826.3,373.7],[825.9,374.7],[825,375.1],[824.5,375.8],[824,376.7],[824.4,377.4],[823.9,378],[824,378.7],[824.3,379.1],[823.8,379.9],[823,380.5],[821.1,380.9],[820.6,380.3],[819.4,381.5],[819.5,387.1],[823.2,386.7],[832.9,385.5],[832.9,385.4],[838.5,384.5],[842.5,383.9],[848.4,381],[849,381.3],[849.5,380.7],[850.1,380.5],[850.2,379.8],[850.6,379.9],[851.5,379.3],[852.3,379.1],[854.2,378],[854.7,378.2],[854.9,377.4],[855.4,376.9],[855.7,377.6],[856.9,377.3],[857.7,377],[859.6,376.8],[868.3,375.9],[870.9,375.6],[877.3,375],[881.1,374.6],[881.1,375.1],[881.5,375.4],[881.1,376.1],[881.2,376.7],[881.6,377.1],[883.3,375.3],[884.5,376.4],[886.9,378.8],[887,381.6],[892.7,380.7],[897.7,380],[904.6,379],[908.3,378.4],[915.4,383.4],[917.8,385.2],[921.9,388.1],[926.3,391.3],[933.9,396.7],[934.5,396.2],[936.4,395.1],[937.7,394.6],[939.3,394.1],[941.3,393.8],[942.6,393.8],[943.7,394],[944.1,394.6],[944.8,394.8],[945,394.5],[945,393.1],[945.3,391.6],[945.6,389],[946.1,386.9],[946.8,385],[947.7,383.1],[949.7,380.4],[951.6,378.3],[953.6,376.6],[955.8,374.3],[957.4,373.1],[959.6,372],[961.2,371.3],[963.7,370.5],[965.4,370.2],[966.1,370.4],[967.4,370.6],[968.1,370.8],[968.1,371.5],[968.6,372.1],[969,370.2],[970.4,367],[971.6,365.1],[972.7,363.6],[974.1,361.3],[975.2,359.8],[975.7,359.3],[975,359],[974.7,359.7],[973.2,362.1],[972.6,363.1],[971.3,364.9],[969.6,367.8],[969.6,368.1],[968.5,370.6],[965.4,369.9],[966.5,369.5],[966,367.9],[966.8,368.1],[967.1,369.7],[968.3,369.9],[968.5,368.4],[969,367.3],[969.1,366.5],[969.7,366],[969.6,365.3],[970.2,365.3],[970.8,364.8],[971.7,362.9],[971.7,362.4],[971.2,361.9],[971.2,361.5],[969.9,361.1],[970.5,362.1],[970.6,362.4],[969.4,362.6],[968.7,362.1],[968.2,360.8],[967.4,360.7],[967.2,362.3],[965.7,363],[964.8,363.2],[962.7,365.3],[960.1,364.9],[958.3,364.1],[957.9,363.2],[957.9,362.9],[961.8,364.4],[964.4,361.8],[965.1,361.2],[965.8,359.7],[965.7,358.7],[965.9,357.6],[966.3,357.3],[966.2,356.8],[966.6,356.2],[966.1,355.1],[965,355],[963.9,355.1],[963.4,355],[962.5,355],[957.9,353.9],[956.5,354.1],[955.9,353.5],[955.1,353.1],[955.3,352.4],[956,352.9],[957.4,353.2],[958.9,353.3],[960.4,353.7],[961.3,353.3],[963.4,353.9],[963.9,353.8],[963.2,352.1],[962.3,351.1],[962.8,350.3],[963.7,350.4],[965,349.9],[965.2,350.5],[963.2,350.9],[964.5,353.1],[965.8,353.7],[966.4,353.3],[966.8,353.7],[968.6,353.8],[969.2,353.4],[970,353.5],[970.5,353.3],[971.1,353.5],[972.4,353.4],[972.4,352.9],[973.5,352.1],[973.5,351.3],[974.2,351.1],[974.3,350.7],[974.4,349.4],[974.9,348.9],[974.8,348.1],[975.5,347.6],[975.8,346.7],[976.1,346.4],[976.9,346.6],[977.7,346.2],[977.8,345.7],[978.4,344.9],[978.3,344.4],[977.7,344.2],[977.7,343.7],[978.3,343.6],[978.4,342.9],[977.8,342],[977.5,340.2],[977.1,339.8],[976.7,338.9],[976.1,338.1],[975.5,337.5],[974.6,337.2],[973.7,337.4],[972.9,338],[973.4,338.4],[972.9,339.4],[972.6,339.6],[972.7,341],[973.1,342.6],[973.1,345],[972.5,345.4],[972.6,344.6],[972.2,344],[971.7,342],[971.3,340.9],[971.8,339.2],[971.7,338.3],[970.6,337.7],[968.5,338.1],[966.8,339],[966.1,339.7],[965.3,340],[964.4,339.2],[963.3,339.8],[962.2,340.6],[960.8,341.1],[959.5,341.4],[958.9,340.8],[959.2,340.1],[958,338.5],[957.1,336.8],[956.9,335.2],[957.5,333.5],[957.9,333.7],[957.4,335.4],[957.6,336.6],[959,338.9],[959.4,339],[960.1,338.8],[961,339.4],[962.2,339.1],[963.1,338.5],[963.7,337.1],[964.7,336.7],[965.3,336.6],[965.7,336.1],[964.7,335.8],[964.2,336],[962.4,334.8],[962.5,334.6],[963.6,335],[964.1,335.5],[964.9,335.5],[966.3,335.9],[967.2,335.9],[967.6,335.5],[966.8,335.1],[966.3,334.5],[966.5,334.3],[967.2,334.9],[967.8,335.1],[969.7,334.3],[969.9,334],[969.2,333],[968.5,332.8],[967.6,331.7],[966.8,331.5],[966.8,331.1],[967.8,331.1],[969,332.1],[969.6,332.2],[970.5,333],[972,333.2],[971.5,332.5],[971.6,331.9],[971.3,331.4],[971.9,331.3],[972.3,332],[973.4,333],[973.5,333.8],[974,334.3],[975,334.8],[974.8,333.9],[973.8,332.5],[973.7,332],[973.2,331.6],[972.9,330.9],[972.9,330.2],[972.5,330.2],[972,329.5],[971.3,328.4],[971.3,327.9],[971,327.1],[970.3,327.5],[969.9,327.1],[969.1,326.7],[968.4,325.6],[968.7,325.1],[969.4,325],[969.4,325.8],[970.5,325.6],[971.2,325.7],[971.6,326.6],[972.4,327.1],[972.5,327.8],[973.1,328.8],[973,329.6],[973.7,329.9],[974,330.9],[974.4,331.2],[975.4,332.8],[976.1,334.5],[976.4,335.3],[976.7,335.4],[976.8,336.1],[977.7,336.1],[978.5,336.9],[979.1,337.9],[979.2,338.3],[979.7,338.8],[980.8,340.2],[981.4,340.3],[980.3,338.7],[977.9,335.4],[976.3,333.5],[974.8,331.1],[973.3,328.3],[971.8,325.1],[971.4,324],[963.2,325.7],[954.1,327.6],[952.1,328],[952.2,328.2],[946.9,329.2],[940,330.6],[929.8,332.6],[927.7,333],[922.8,334],[914.3,335.5],[909.2,336.5],[904.3,337.3],[897.4,338.5],[893,339.2],[889.8,339.7],[882.2,340.5],[879.7,341],[870.9,342],[869.7,342.2],[867,342.5],[865.5,342.6],[864,342.8],[864.1,343.2],[863.6,344.1],[864,344.8],[864.1,345.6],[863.8,345.9],[863.8,346.8],[863.5,347.1],[864,348.4],[863.9,348.7],[863.3,348.9],[862.7,348.5],[861.6,349.2],[860.8,350.1],[859.1,354.7],[858.6,354.6],[858.2,355.2],[857.3,355.3],[856.8,354.4],[856.2,354.6],[855.7,354.3],[855,355.1],[854.2,355.1],[853.4,355.7],[853.1,355.7],[852.2,356.6],[851.4,358.5],[850.7,359.4],[849.9,359.8],[848.8,359.9],[848.6,359.1],[848.9,358.4],[848,357.6],[847.1,358.2],[845.4,359.9],[845.5,360.7],[844.9,361.3],[844.3,360.9],[843.5,361.2],[843.3,361.9],[843.6,362.9],[843.3,363.7],[843,364.1],[842.7,365],[842.3,365.4],[841.4,365.2],[840.6,365.3],[840.2,365.7]]]]}},{"type":"Feature","properties":{"st":"ND","fips":"38","name":"North Dakota","label_x":524.9,"label_y":103.2},"geometry":{"type":"MultiPolygon","coordinates":[[[[470.3,64.8],[469.5,74.1],[469.1,79.3],[468.4,88.7],[468.2,91.3],[467.9,93.9],[467.1,103.3],[466.7,108.4],[466.1,115.3],[465.5,122.8],[464.7,131.8],[464.3,136],[470.5,136.5],[476.8,137],[482.8,137.4],[488.8,137.9],[494.9,138.3],[502.4,138.8],[507.4,139.1],[515.3,139.5],[520.4,139.8],[527.9,140.1],[534.8,140.5],[542.8,140.8],[548.6,141],[556.7,141.3],[567,141.5],[572,141.6],[577.5,141.7],[587.1,141.8],[586.9,139.6],[587.3,138.3],[586.8,136.1],[586.6,135.1],[586.6,132.5],[585.5,131.4],[585.3,130.7],[584.6,129.9],[584.7,129.4],[584.4,129],[584.3,127.9],[584.1,126.6],[583.5,125.4],[583.4,124.6],[583.7,123.2],[583.4,121],[583.7,120.6],[583.8,119.2],[584.1,118.5],[583.6,118.4],[583.4,117.6],[583.1,117.5],[583,115.4],[583.1,114.3],[583,113.3],[583.1,112.9],[582.9,112.2],[582.9,111.2],[582.8,109.9],[582.9,108.9],[582.7,108.2],[582.8,107.8],[582.5,106.9],[582.7,104.8],[582.6,103.5],[582.7,103],[582.3,102.3],[582.2,101.3],[581.7,100.3],[581.4,98.8],[580.7,97.9],[580.7,97.5],[580.3,96.4],[580.1,96.4],[580.1,95.3],[579.6,94.6],[579.6,93.7],[579.4,93.4],[579.2,92.1],[578.9,91.7],[578.2,89.4],[578.4,88.4],[578.3,87.9],[578.7,86.8],[578.2,85],[578.4,83.9],[578.3,83.6],[578.5,82.6],[578,80.7],[578.6,78.7],[579,78.1],[579.1,77.3],[578.5,76.4],[578,74.5],[577.8,74.3],[577.9,73.5],[577.5,72.8],[576.9,70.8],[577.1,70],[572,70],[565.8,69.8],[557.3,69.7],[549.3,69.4],[545.2,69.3],[538,69.1],[531.1,68.8],[520.8,68.3],[516,68],[506.1,67.5],[498.9,67],[491.8,66.5],[480.8,65.7],[474.1,65.2],[470.3,64.8]]]]}},{"type":"Feature","properties":{"st":"NE","fips":"31","name":"Nebraska","label_x":524.7,"label_y":243.9},"geometry":{"type":"MultiPolygon","coordinates":[[[[458.3,205.1],[457.8,210.9],[457.3,216.9],[456.6,225.8],[456.2,230.7],[455.6,237.6],[455.2,242.5],[454.3,252.3],[464.1,253.1],[475.2,253.9],[480.7,254.3],[489.6,254.9],[489.2,260.9],[488.9,265.9],[488.4,273],[488.1,278.5],[491.8,278.8],[499.5,279.2],[508,279.7],[516.4,280.1],[521.6,280.4],[528.1,280.7],[535.4,280.9],[543.8,281.2],[550.5,281.4],[558.8,281.6],[563.4,281.7],[569.2,281.8],[577.6,281.9],[585.2,282],[593.6,282],[600.2,282],[608.8,282],[608.7,281.8],[607.7,281.3],[606.9,281.1],[606.7,280.6],[607.1,279],[606.5,278.7],[606.4,278.3],[605.7,277.7],[605.6,277.3],[605.8,276.6],[605.5,276.1],[604.9,276.1],[604.3,275.6],[604.3,275.1],[603.3,274.6],[602.7,274.8],[602.5,274.4],[603.1,274],[602.7,273.3],[602.4,272.2],[602.4,271.6],[601.8,270.9],[601.7,270.1],[602.4,269.8],[602.5,269.3],[602.2,268.7],[601.8,268.8],[601.7,269.5],[600.7,269.6],[600.4,268.3],[600.5,268.2],[600.8,267.6],[600.4,267.3],[600.1,266.4],[599.2,266],[598.9,265.3],[598.3,264.7],[598.7,264],[599.3,263.6],[599.1,263],[599.2,262.3],[599.1,261.6],[599.7,261.1],[599.6,260.7],[599.2,259.8],[599.4,259],[598.8,258.4],[598.8,257.4],[598.5,257.1],[598.8,256.3],[598.7,255.6],[598.4,254.9],[598.7,253.9],[598,254],[597.7,253.7],[597.9,252.7],[597.6,251.7],[598.3,250.8],[597.7,250.7],[597.1,250.1],[597.6,249.7],[597.5,248.2],[597.8,247.7],[597.5,247.4],[596.3,247.2],[596,246.8],[596.5,246.2],[596.4,245.6],[595.9,245.6],[595.8,246.2],[595.4,246.3],[594.8,245.8],[594.7,245.4],[594.9,244.7],[594.4,244.2],[594.4,243.6],[594.7,243],[594.2,242.3],[594.3,241.9],[595,241.7],[594.6,241.1],[594.9,240.5],[595.1,239.3],[594.5,238.9],[594.3,238.1],[593.8,237.7],[593.5,237],[593.9,236.7],[593.9,236.1],[594.1,235.3],[593.2,235.2],[593.1,234.5],[592.6,234.5],[592.2,233.7],[591.6,233.6],[591.5,232.9],[591.7,232.1],[591,231.5],[590.3,230.7],[590.2,229.6],[590.7,229.2],[590.6,228.5],[590,227.7],[590,227.3],[589.3,226.7],[589.2,224.9],[589.8,224.1],[589.5,223.2],[588.7,223],[587.7,223.2],[587.3,222.6],[586.7,222.3],[585.9,222.7],[585.5,222.5],[585.3,221.6],[584.5,220.9],[584.1,220.2],[584.5,219.2],[583.8,218.8],[583.2,219],[582.5,218.7],[582.5,217.9],[580.7,217.2],[580,217.6],[579.5,216.6],[577.9,216.3],[576.9,216.3],[576.6,215.7],[575.5,215.4],[575.4,214.5],[574.9,214.3],[574.2,214.3],[573.9,214],[573,214.3],[572.7,214],[572,214],[571.6,214.5],[570.5,214.2],[569.5,214.4],[568.8,214.1],[567.4,214.5],[565.8,214.3],[564.6,213.8],[564.1,214],[563.9,215],[563.6,215.4],[562.8,216.1],[561.3,216.2],[559.7,214.8],[559.4,214.4],[559,214.4],[558.2,214],[557.5,213.5],[556.4,213.2],[556.1,212.9],[554.8,212.1],[554.5,212.2],[554,211.7],[553.5,210.5],[546.6,210.3],[536.8,210],[529.1,209.7],[521.7,209.3],[516.9,209.1],[510.6,208.8],[506.7,208.6],[499.9,208.2],[496,207.9],[492.1,207.7],[485.1,207.2],[479.9,206.8],[474.1,206.4],[465.8,205.8],[458.3,205.1]]]]}},{"type":"Feature","properties":{"st":"NH","fips":"33","name":"New Hampshire","label_x":1006,"label_y":135.1},"geometry":{"type":"MultiPolygon","coordinates":[[[[1000,111.2],[999.6,112],[1000.1,112.5],[1000.3,113.2],[1000.8,113.5],[1000.1,115.2],[1000,116],[1000.2,116.5],[999.6,117.8],[1001.5,120.2],[1001.8,121.6],[1001.2,122],[1001.7,122.4],[1001.6,123.6],[1000.9,124.1],[1000.9,124.9],[1000.3,125.8],[999,126.4],[998.7,126.9],[998.9,127.4],[998.1,128.2],[997.5,128.1],[997.1,128.4],[996.3,128.6],[995.5,129.2],[995.6,129.8],[995.2,130.5],[995.8,131.2],[995.7,132.4],[996.4,133],[996.4,134.1],[996.8,134.3],[996.5,135.9],[996.1,137],[996.4,138.8],[996,139.3],[995.7,140.5],[996.1,141.7],[995.9,142.5],[995.6,143.1],[995.1,143.6],[994.7,144.5],[994.9,145.3],[994.7,146.1],[994.8,147],[994.3,147.6],[994.4,148.5],[994.2,149.2],[994.6,149.6],[994.6,150.3],[994.9,152],[994.9,152.7],[995.3,152.8],[995.1,153.4],[995.5,153.8],[995.3,155],[995.1,155.2],[995.4,156.5],[995.2,156.8],[995.4,157.9],[996,158.4],[996.1,159.1],[995.8,160.1],[996,160.6],[996.4,160.9],[996.1,161.9],[995.4,162.3],[995.2,162.7],[995.6,163.4],[995.3,164.3],[995.4,165],[995.9,166],[997.3,166.9],[997.8,167.5],[1005.9,165.8],[1009.8,164.9],[1017.4,163.1],[1017.9,161.9],[1018.3,161.7],[1019,161.7],[1018.6,160.5],[1019.3,159.6],[1020.6,159.6],[1020.6,158.6],[1020.8,158.3],[1021.8,157.7],[1022.3,157.2],[1023.1,157.1],[1023.8,157.4],[1024.3,157],[1024.2,156.2],[1024.5,154.1],[1025,152.2],[1024.3,152.1],[1022.5,151.2],[1022.3,150.8],[1022.3,150.1],[1022,148.7],[1020.7,148.2],[1019.9,147.2],[1019.4,146.9],[1018.9,146.9],[1018.4,146.3],[1018.1,145.4],[1018.4,144.7],[1018,143.7],[1018,142.9],[1017.9,142.1],[1017.4,141.8],[1015.8,136.8],[1014.9,134],[1012,124.4],[1010.4,119.5],[1009.8,117.3],[1008.4,113.1],[1007.2,109.5],[1005.4,104.1],[1005,102.8],[1004.8,102.9],[1004.5,104.4],[1003.4,104.4],[1003,104.6],[1001.8,103.7],[1001.1,104.6],[1000.8,105.2],[1000,105.8],[1000.4,106.6],[1000.3,108],[1000.5,108.2],[1000.1,109.4],[999.7,109.9],[1000,110.5],[1000,111.2]]]]}},{"type":"Feature","properties":{"st":"NJ","fips":"34","name":"New Jersey","label_x":979.4,"label_y":236.6},"geometry":{"type":"MultiPolygon","coordinates":[[[[961.5,251.4],[961.7,252],[962.6,252.4],[962.5,253.5],[962.7,255.3],[964.1,255.5],[964.9,256.4],[965.6,256.6],[965.8,257.1],[966.4,257.3],[967,257.3],[967.4,257.9],[968,258.3],[968.6,257.9],[968.9,258.4],[969.6,258.6],[970.2,258.9],[970.5,259.8],[971.2,260.1],[971.5,259.3],[973,259],[973.1,259.4],[974.3,259.3],[975.3,259.4],[975.7,259.7],[975.9,260.8],[975.8,261.4],[975.4,263.6],[975.4,265.1],[976.1,265.2],[977.3,264.7],[978.3,262.9],[978.1,262.5],[978.5,262.1],[978.8,261],[979.2,260.3],[979,259.9],[979.7,257.5],[980.1,256.6],[981.4,254.6],[982.3,253.7],[983,253.1],[983.1,252.7],[983.6,252],[984,251.1],[984.2,250.1],[983.8,249.4],[984.5,249],[985,247.9],[986,244.4],[986.4,242.5],[986,239],[985.8,237.4],[985.6,233.9],[985.7,231.1],[985.6,229.7],[985.3,228],[984.7,226.2],[984.3,225.7],[983.9,225.9],[984.6,226.4],[984.6,227.2],[983.7,227.2],[982,226.7],[981.1,227.3],[979.8,227],[979.5,226.5],[979.6,226.1],[979.5,225.2],[980,224.7],[980.1,223.7],[979.9,222.9],[980.2,222.5],[980.9,222.4],[981.8,222],[981.9,221],[982.3,220.9],[982.5,220.4],[982.5,219.3],[983,217.4],[983.2,215.8],[983.3,213.6],[983.1,213.3],[977.6,211.5],[975.3,210.8],[972.2,209.7],[967.6,208.1],[966.6,208.6],[966.4,209.1],[965.5,210.5],[965.3,211.8],[965.5,211.9],[965.3,212.9],[964.8,214.1],[963.9,215],[963.5,216.7],[962.6,217.6],[962,218.3],[962.4,219.1],[964,220.8],[963.8,221.4],[963.4,222.8],[963,223.3],[962.4,223.4],[962.1,224.1],[962.4,224.5],[962.3,225.5],[962.8,225.7],[962.5,226.5],[962.9,227],[963,228.1],[963.4,228.3],[964,227.9],[964.7,227.9],[965.4,228.4],[965.8,229.8],[965.8,230.4],[966.2,231.3],[966.9,231.4],[967.3,231.2],[967.9,231.4],[968.7,232.6],[970.1,233.3],[970.8,234.3],[972.3,234.8],[972.7,235.4],[973.4,235.9],[973.4,236.2],[972.4,237.1],[971.9,237],[971.3,238.2],[970.2,238.8],[969.6,239.5],[969.1,240.2],[968.5,240.7],[968.2,241.4],[967.3,242.1],[967.6,243.5],[967.3,244],[966.7,244.2],[966.4,244.6],[965.4,245.2],[964.4,245.5],[964,245.8],[963.1,246.9],[962.5,247.9],[962.5,249.2],[962.1,249.9],[961.9,250.7],[961.5,251.4]]]]}},{"type":"Feature","properties":{"st":"NM","fips":"35","name":"New Mexico","label_x":402.5,"label_y":405.6},"geometry":{"type":"MultiPolygon","coordinates":[[[[353.7,336.6],[353,342],[352.1,348.3],[350.9,357.3],[349.9,364],[349,370.7],[347.8,379.4],[346.5,388.8],[345.6,395.7],[344.5,403],[343.6,409.8],[342.1,420.7],[341,428.7],[340,435.5],[338.9,443.7],[337.8,451.6],[336.3,462.2],[335.3,469.3],[340.5,470],[346.7,470.8],[352.1,471.5],[353.4,461],[360.5,461.9],[371.5,463.2],[377.3,463.9],[386.6,465],[386.7,465],[386.4,464.4],[385.8,464.2],[385.4,463.5],[384.8,462.8],[384.7,462.1],[385.4,460.8],[385,460.1],[385.5,459.7],[393.6,460.6],[395.2,460.7],[403,461.6],[409,462.2],[419.1,463.2],[426.8,463.9],[436.9,464.8],[442.8,465.3],[450.7,465.9],[455.9,466.3],[456.5,458.4],[457.1,450.2],[457.6,442.7],[458.5,433.6],[459.1,426.9],[459.8,419.1],[460.6,408.3],[461.3,399.1],[462,389.7],[462.7,380.9],[463.5,370.7],[464.2,360.2],[465,360.2],[465.4,355],[465.8,348.4],[463,348.2],[452.2,347.4],[447.1,347],[441,346.5],[435.3,346],[428.7,345.4],[426.5,345.2],[417,344.2],[410.2,343.5],[406.4,343.1],[398.7,342.3],[394,341.8],[393.9,341.6],[383.8,340.4],[378.4,339.8],[368.5,338.5],[361.6,337.6],[353.7,336.6]]]]}},{"type":"Feature","properties":{"st":"NV","fips":"32","name":"Nevada","label_x":225.2,"label_y":272.1},"geometry":{"type":"MultiPolygon","coordinates":[[[[182.9,182.3],[180.7,190.9],[180,193.7],[178.1,200.9],[176.3,208],[174.2,216.6],[172.7,222.1],[170.9,229.1],[169.5,234.4],[168.4,238.7],[166.4,245.8],[165.2,251],[168.2,255.6],[172.7,262.2],[173.7,263.8],[177.5,269.5],[182,276.2],[184.8,280.4],[189.2,287.1],[194.5,295],[196.8,298.5],[199.8,302.9],[201.6,305.6],[206.9,313.6],[213.6,323.5],[216,327.1],[220.1,333.3],[225.1,340.8],[228.8,346.3],[232.2,351.4],[237.1,358.8],[241.7,365.7],[241.8,365.1],[242.5,364.5],[242.6,364.1],[242,363.4],[242.5,362.9],[242.9,363],[243.5,362.7],[243.8,361.7],[243.7,361.1],[243.8,359],[243.9,358.3],[243.7,356.2],[243.3,355.7],[243.1,354.2],[243.3,353.6],[243.7,353.2],[243.8,352.2],[244.2,351.5],[243.7,350.4],[244,349.5],[243.7,348.9],[244,347.9],[244.1,347.1],[244,346.7],[244.4,346.2],[244.5,345.6],[245.1,345.3],[244.5,344.2],[244.6,343.9],[244.3,343.4],[244.2,342.4],[244.7,341.5],[244.7,340.8],[244.5,340],[244.9,339.7],[246.3,339.6],[247,339.2],[247.2,339.5],[248.2,339.2],[249.3,339.4],[249.3,339.9],[250.2,339.9],[250.4,340.2],[251,339.9],[251.8,340.1],[252.5,341.1],[252.7,341.9],[252.5,342.3],[253.1,342.7],[253.7,343.6],[254.9,343.5],[255.3,343.7],[257.6,340.3],[258.1,340.1],[258.5,337.9],[259,335.5],[260.1,329.3],[261.6,321.3],[262,319.3],[263.5,311.6],[264.2,307.5],[265.3,302.1],[266.1,298],[267.3,291.9],[268.3,286.4],[270.6,274.6],[272.9,263.1],[274,257.1],[275.1,251.5],[276.9,242.2],[278.6,233.5],[280.7,223.1],[281.9,216.8],[283.7,207.6],[284.1,205.1],[276.9,203.6],[274.6,203.2],[271.1,202.3],[267.2,201.7],[262.4,200.7],[257.1,199.6],[252.9,198.7],[245.1,197],[244.5,196.9],[234.3,194.6],[233.3,194.3],[230.4,193.7],[223.1,192.1],[213.4,189.8],[208.3,188.6],[204.9,187.9],[199.8,186.6],[196.3,185.7],[186.5,183.2],[182.9,182.3]]]]}},{"type":"Feature","properties":{"st":"NY","fips":"36","name":"New York","label_x":953,"label_y":170.9},"geometry":{"type":"MultiPolygon","coordinates":[[[[1013.5,199.5],[1014.1,199.3],[1015.1,198.1],[1013.7,198.9],[1013.5,199.5]]],[[[1012.7,203.5],[1013.4,203.6],[1013.8,203.3],[1012.8,203],[1012.7,203.5]]],[[[981.8,222],[980.9,222.4],[980.2,222.5],[979.9,222.9],[980.1,223.7],[980,224.7],[979.5,225.2],[979.6,226.1],[980.3,226],[981.9,224.5],[982.6,222.9],[982.1,222.1],[981.8,222]]],[[[926.9,155.6],[927.3,155.8],[927.6,155.1],[927.3,154.9],[926.9,155.6]]],[[[925.2,155.9],[925.5,156.1],[926.1,155.4],[925.8,155.1],[925.2,155.9]]],[[[876.6,204.3],[877.7,210.6],[882.7,209.8],[887.7,208.8],[892.9,207.9],[897.7,207],[903.2,206],[905.7,205.5],[907.9,205.1],[912.1,204.3],[916.3,203.4],[922.8,202.2],[926.3,201.4],[929.2,200.8],[936.1,199.4],[944.2,197.7],[946.4,197.3],[952.9,195.8],[953.3,196.3],[954,196.8],[954.6,196.9],[955.2,198.4],[955.9,198.6],[956.3,198.2],[957,198.5],[957.9,198.5],[958,199],[958.5,199.1],[958.4,200.1],[958.9,200],[959.4,200.4],[959.7,201.8],[960.2,203.4],[959.8,203.8],[961,204.9],[961,205.2],[961.8,205.8],[962,206.4],[962.8,206.1],[963.3,206.3],[963.8,207],[964.3,206.7],[964.7,206.9],[965.2,206.6],[965.5,207],[966.1,206.8],[966.6,207.3],[967.1,207.4],[967.6,208.1],[972.2,209.7],[975.3,210.8],[977.6,211.5],[983.1,213.3],[983.3,213.6],[983.2,215.8],[983,217.4],[982.5,219.3],[982.5,220.4],[982.3,220.9],[982.8,221.1],[982.9,221.5],[982.7,222.4],[983,222.8],[983.5,222.9],[983.9,223.5],[984.9,223.1],[985.1,223.8],[986.6,222.7],[987.5,222.1],[989.9,221.7],[990.4,221.5],[991.3,221.4],[993.6,220.2],[995,219.3],[995.4,219.5],[996.2,219.3],[997.1,218.8],[999.5,217.4],[1001.5,215.7],[1003.9,213.9],[1006.9,211.9],[1009.7,209.9],[1013.9,206.3],[1016.6,204.1],[1017.5,203.4],[1017.7,202.9],[1016.8,202.8],[1015.9,203.3],[1016.1,203.8],[1015.6,204],[1015.2,204.7],[1014.6,204.9],[1014.1,205.7],[1013.8,205.7],[1013.2,205.2],[1013.1,204.8],[1012.6,204.6],[1012.2,205.2],[1011.3,205.2],[1011,205.3],[1010.4,204.8],[1009.2,204.1],[1009.4,203.5],[1010.1,203.5],[1010.4,203.3],[1010.7,202.5],[1010,202.7],[1008.8,203.5],[1008.4,204.6],[1007.6,205.1],[1007.2,206],[1006.5,206.5],[1005.7,207.7],[1004.9,208.3],[1003.7,208.7],[1002.6,209.3],[1001.7,209.4],[1000.7,209.8],[998.8,210.2],[998,210.5],[996.6,210.5],[996.4,211.2],[996.4,211.7],[995.2,212.6],[993.9,212.4],[992.9,212.6],[991.9,212.2],[992.2,213.3],[991.6,213.4],[991.4,212.8],[990.5,212.7],[990.5,213.3],[989.7,213.8],[989.3,213.8],[988.5,214.4],[988,215],[988.2,215.5],[987,215.4],[986.3,217.4],[985.5,216.6],[986,214.6],[987.1,213.6],[987.4,212.5],[987.3,211.9],[985.5,210.2],[989.1,206.6],[987.5,204.9],[986.2,197.4],[985.6,194.1],[984.6,188.5],[984.4,187.3],[983.8,186.6],[984.1,176.2],[984.2,170.4],[984,170.4],[983.5,169.2],[983.5,168.4],[982.5,163.8],[981.5,158.6],[980.1,152.4],[979.7,151.6],[979.2,151.3],[978.7,150.4],[977.7,150.6],[977.5,151],[977.6,151.7],[977.4,152.1],[976.8,151.8],[976.8,150.9],[976.5,150.7],[976.6,149.2],[977,148.3],[977.1,147.2],[976.1,146.2],[976.3,145.6],[976.1,144.9],[975.2,143.7],[974.7,141.6],[974.1,141.3],[974.2,139.6],[974.1,137.8],[974.4,137.2],[974.5,136.7],[974.9,136.3],[974.9,135.5],[974.5,134.7],[974,133.4],[974.2,132.9],[974.3,131.9],[974,130.8],[972.8,129.3],[972,128.6],[971.7,128],[971.6,126],[971.4,125],[971.7,123.8],[971.6,123.5],[970.6,122.7],[970.7,121.3],[970.8,120.7],[970.6,119.8],[970.2,119.4],[970.3,118.8],[965.5,120.1],[961.7,121.1],[957.4,122.3],[954.3,123],[952.3,123.4],[948.6,124.2],[947.9,124.5],[946.2,124.3],[945.3,124.9],[945,125.4],[944,125.6],[943.6,126.3],[942.7,127.2],[942.3,127.3],[941.6,128.1],[940.2,129.2],[939.3,130.2],[939.4,130.4],[938.8,131],[938.5,131.6],[937.8,132.4],[936.7,133.9],[935.3,136.3],[934.7,137.1],[933.4,139.2],[932.9,140.4],[932.9,141.3],[931.7,143.1],[930.9,143.9],[930.4,143.9],[929.7,144.4],[929,145.4],[928.5,145.5],[928.1,146],[928.2,147],[927.9,147.5],[927.1,148.1],[926,148.4],[925.6,150.1],[925.5,150.9],[925.7,151.2],[925.7,152.5],[926.6,152.3],[927.2,152.8],[927.6,152.9],[927.6,153.8],[928.8,153.1],[930,153.4],[930.3,153.9],[930.5,154.7],[930.1,155],[929.5,155.9],[929.1,155.8],[929,155.1],[928.3,155.6],[927.9,156.3],[928,156.6],[929.2,157.1],[930.1,159.1],[930.6,160.7],[930.8,162.5],[930.5,163.6],[929.6,164.2],[928.8,164.4],[928.3,164.2],[927.6,164.4],[926.7,165.3],[926.6,165.8],[925.4,166.7],[924.4,167.8],[924,168.9],[923.7,169.5],[923.1,169.7],[922.7,170.4],[920.9,171.4],[920.6,171.4],[919.9,172.1],[918.3,172.4],[917.7,172.3],[916.4,172.4],[916,172.6],[915.3,172.7],[914.5,173],[913.7,173.1],[912.3,173.5],[910.7,174.4],[910.2,174.9],[909.4,174.8],[908,174.2],[907,173.7],[906.8,173.4],[906,173.2],[903.9,173.3],[902.2,173.2],[901.4,173.4],[900,173.5],[897.8,174],[895.5,174.3],[893.8,174.7],[893.5,174.7],[891.2,175.5],[890.2,176.1],[888,177.1],[885.8,178.4],[884.2,179.1],[884.6,179.6],[884.9,181.1],[885.2,181.8],[885,182.4],[885,183.4],[886.1,183.5],[886.3,183.9],[886.1,184.7],[886.4,185.4],[887.4,185.9],[887.9,185.8],[888.5,186.5],[888.6,187],[889.6,188.2],[889.5,188.6],[889.9,189.6],[889,190.9],[888.6,191.1],[887.9,191.8],[887,192.4],[886.9,193.5],[886.3,194.3],[885.9,195.8],[884.4,196.6],[883.8,197.2],[882.7,198],[881.9,198.9],[881.6,199.6],[879.9,201.5],[878.4,202.9],[876.6,204.3]]]]}},{"type":"Feature","properties":{"st":"OH","fips":"39","name":"Ohio","label_x":831.7,"label_y":258.1},"geometry":{"type":"MultiPolygon","coordinates":[[[[827.9,227.9],[828.5,228.2],[828.8,227.5],[828,227.5],[827.9,227.9]]],[[[791.6,230.4],[792.4,236.5],[793.7,247],[794.2,251.4],[795,258.4],[795.5,263],[796.3,270.4],[796.7,274.7],[797.6,282.6],[798.1,286.7],[798.6,291.4],[799.2,291],[799.7,290.3],[800.3,290.4],[801,291.1],[801.7,291.3],[802.1,291.6],[803.1,291.4],[803.5,290.9],[804.2,291],[804.8,290.2],[805.3,290.3],[805.6,290.8],[805.8,291.6],[806.2,291.9],[807.1,291.9],[807.7,292.1],[808.2,292.6],[808.6,293.7],[809.8,295.1],[810,296.6],[810.4,297.1],[811.5,297.2],[813.1,297.6],[813.6,297.5],[814.7,297],[815.3,297],[815.7,297.2],[816.9,297.4],[817.4,298.2],[818.5,298.7],[818.8,299.6],[819.8,299.7],[820.8,300],[821.2,299.8],[821.2,299],[821.6,298.6],[823.2,297.9],[824.3,298.4],[826.2,298.6],[827,299.1],[827.2,299.6],[827.7,299.9],[828.2,299.2],[828.5,299],[829.3,299.2],[830.3,298.8],[830.9,297.5],[831.7,296.9],[832,296.2],[832.9,296],[833.5,295.5],[834.4,295.1],[834.9,295.7],[834.9,296.6],[835.2,297.1],[835.7,298.8],[836.7,299.4],[838.1,299.4],[838.8,299.8],[839.5,300.6],[840.4,301],[840.9,302.2],[841.2,302.5],[842.1,302.4],[844.3,301.3],[844.6,301.4],[845.7,300.9],[845.9,299.7],[845.9,297.7],[846.1,297.3],[847.7,297.1],[847.8,296.3],[847.3,295.1],[847.4,294.4],[846.9,293.3],[846.6,293.1],[846.4,292.5],[847.6,291.2],[847.4,289.9],[847.9,289],[848.1,287.9],[848.7,287.4],[848.9,286.6],[849.7,286.5],[850.1,287.2],[850.9,287.2],[851.7,288.3],[851.3,289.2],[851.7,289.7],[852.1,289.7],[852.7,289],[852.7,288.3],[853.2,287.8],[853.8,288.2],[854.2,287.9],[853.7,287.3],[853.8,286.1],[852.8,285.2],[852.8,284.6],[853.4,284.6],[853.8,284.3],[853.9,283.7],[853.4,282.3],[853.8,281.3],[854.4,280.9],[854.2,280.2],[854.5,279.8],[855.7,279.6],[856.4,279.6],[856.4,277.9],[857.2,277],[857.9,276],[858.4,276],[858.9,276.4],[859.2,277.1],[859.6,277.4],[860.1,277.2],[861.3,276],[862.2,275.9],[862.7,274.8],[863.5,274.3],[864,273.2],[865.1,271.5],[866.5,269.7],[867.4,269.4],[867.5,268.7],[867.5,267.7],[867.9,267.4],[867.9,267],[867.2,266.3],[867.1,265.8],[867.7,265.1],[867.5,264.1],[868,263.5],[867.6,262.6],[867.7,262.2],[868.5,262.2],[868.2,261.5],[868.6,260.8],[868.4,260],[868.4,259],[868.2,258.4],[868.6,257.7],[868.5,256.4],[869,255.3],[869,254.6],[869.5,253.7],[869.7,252.3],[869.4,251.7],[869.4,251.1],[868.9,250.6],[869.2,250.3],[869.1,249.6],[869.1,248.5],[868.7,248.1],[868.4,247.3],[867.6,246.5],[867.6,246.1],[868.1,245.3],[868.6,245.1],[869,245.3],[869.9,244.6],[868.8,238],[867.6,230.3],[865.9,220.5],[864.8,213.3],[863.8,213.9],[861.5,215.2],[860,216],[858.6,216.9],[856.8,217.5],[855.2,218.7],[853,220.4],[852.4,220.5],[851.3,221.4],[850,222.9],[849.2,224.3],[848.7,224.5],[847.7,226],[846.6,226.9],[845.4,228.1],[844.2,228.1],[843.4,228.5],[842.1,228.5],[841.5,228.2],[840.7,228.1],[839.3,228.8],[837.7,229.8],[836.8,230.6],[836.1,230.9],[834.9,231.1],[833.8,232],[833,232.5],[832.4,232.5],[830.5,231.7],[829,230.4],[828.4,229.9],[828.4,229.3],[827.2,229.5],[826.2,228.5],[825.8,228.8],[825.9,229.5],[825.3,230.2],[824.7,230.4],[823.5,230],[822.6,229.5],[822.1,228.9],[821.4,228.5],[820.7,228.5],[819.1,228.1],[817.8,227.4],[817.2,227],[816.5,227.4],[814.9,227.4],[815,226.5],[809.7,227.5],[803.2,228.5],[799.3,229.2],[791.6,230.4]]]]}},{"type":"Feature","properties":{"st":"OK","fips":"40","name":"Oklahoma","label_x":573.1,"label_y":390},"geometry":{"type":"MultiPolygon","coordinates":[[[[465.8,348.4],[465.4,355],[465,360.2],[479.1,361.2],[485.1,361.6],[490.8,362],[500.9,362.5],[511.5,363.1],[521.3,363.5],[521,370.5],[520.6,378.1],[520.2,389],[519.8,398.3],[519.3,409.4],[519.9,409.4],[520.4,409],[521.5,409.7],[522.1,410.7],[522.6,411],[522.8,411.5],[523.9,412.9],[524.6,413.3],[525,413.9],[526.9,414.1],[527.3,413.1],[528.8,413.3],[529.7,413.9],[529.9,414.2],[530.8,414.2],[530.9,412.6],[531.2,412.3],[532.1,413.2],[532.3,413.5],[532.9,413.4],[533.4,413.6],[533.1,414.1],[534.3,415.2],[534.4,416.5],[534.7,418.2],[535.2,418.3],[535.7,418.1],[536,418.5],[536.8,418.3],[537.5,418.6],[538.1,418.5],[538.3,418.2],[538.8,418.6],[539.3,418.4],[540,419.2],[541.1,419.6],[542,419.8],[542.8,420.3],[544.3,420.4],[545.1,419.7],[546,419.8],[546.5,420.1],[547.8,421.9],[548.2,422.2],[549.5,421.7],[549.9,421.3],[549.9,420.6],[550.6,420],[551.3,420.1],[551.8,420.5],[553,420.6],[553.7,421],[554.3,421.1],[555,420.4],[555.5,420.2],[555.9,420.7],[555.8,421.2],[555.3,421.8],[555.4,422.3],[555.7,422.8],[555.6,423.1],[556,423.8],[557.2,424],[558.1,423.7],[558.6,424.2],[558.3,425],[558.3,425.9],[557.8,426.2],[558.1,426.7],[558.7,426.7],[559.5,427.3],[560.1,427.5],[560.7,427.3],[561.8,426.4],[562.7,425.5],[563.4,424.5],[563.9,424.2],[564.7,424.4],[565.5,425.1],[565.3,425.9],[565.6,426.4],[566.2,426.4],[567.2,425.9],[568,426.3],[568.2,427.1],[567.9,427.8],[568.6,428.3],[569.7,428.3],[570.1,427.8],[570.4,427.1],[571.1,426.9],[571.6,427.4],[572.1,427.1],[572.2,426.5],[572.8,426.1],[573.4,426.7],[573.7,427.7],[573.1,428.1],[572.9,428.8],[573.5,430.3],[574.4,430.8],[575,430.6],[575.2,429.7],[575.1,428.9],[575.8,428.1],[576.5,427.8],[577.2,426.9],[577,425.8],[577.5,425.7],[578.5,425.1],[578.9,425.8],[579,426.6],[579.5,427.7],[580,427.7],[580.2,427.2],[580.9,427.3],[581.6,428.4],[582.5,428.2],[582.9,427.8],[583.3,426.3],[583.5,426.2],[584.2,426.7],[584.8,426.7],[584.8,427.2],[584.1,427.7],[584.2,428],[585.2,428.5],[586.1,428.5],[586.3,429.3],[586.6,429.6],[588.1,429.5],[588.5,430.3],[589.2,431],[589.3,431.5],[589.7,431.7],[590.3,431.1],[590.5,430.1],[591,429.7],[591.9,430.2],[592.5,430.1],[593.1,429.7],[593.5,428.5],[593.5,428.1],[594.4,427.9],[595.4,428.1],[597.5,427.5],[597.6,426.9],[599.7,428.1],[599.9,427.6],[600.2,427.5],[600.8,428],[601.2,427.7],[601.1,426.8],[601.9,427],[602.5,426.9],[602.8,426.5],[603.4,426.5],[604.1,425.8],[604.8,425.9],[605.4,427.1],[605.9,426.8],[606.2,427.2],[607.9,427.4],[609.2,427.3],[609.3,426.9],[610.1,427.2],[610.4,426.6],[610.9,426.4],[610.9,425.8],[611.3,425.1],[612.2,425.4],[612.7,425.7],[613.2,425.7],[614,426.7],[614.6,426.7],[614.8,427.4],[615.9,427.7],[616.5,428],[617.4,429.2],[618.2,429.8],[618.4,430.1],[619.1,430.3],[620.2,429.9],[621,431.1],[621.5,431.1],[621.5,431.5],[622.6,431.4],[624.2,432.2],[624.6,432.2],[625.2,433.1],[625.9,432.6],[625.9,423.5],[626,415.5],[626,408.8],[626.1,403],[626.2,395.9],[626.3,391],[625.6,386.6],[624.3,378.3],[623,369.6],[622.3,364.9],[622.2,356.6],[622.1,353],[615.1,353.1],[607.4,353.2],[602,353.2],[596.3,353.2],[587,353.2],[577.1,353.1],[569.1,353],[558.4,352.8],[552.4,352.7],[545.7,352.5],[539.9,352.3],[531.9,352.1],[528.3,351.9],[524.1,351.7],[518,351.4],[508.1,351],[499.2,350.6],[494.1,350.4],[483.7,349.8],[477.9,349.4],[471.5,348.9],[469.3,348.7],[465.8,348.4]]]]}},{"type":"Feature","properties":{"st":"OR","fips":"41","name":"Oregon","label_x":183.2,"label_y":131.1},"geometry":{"type":"MultiPolygon","coordinates":[[[[152.2,69.4],[152.1,69.6],[150.8,70],[150,69.7],[149.8,70.2],[149,70.2],[148.6,69.4],[147.4,69.6],[146.7,70.2],[146,69.7],[145.8,69.1],[144.7,68],[144.9,69.4],[144.9,70.7],[144.9,71.8],[144.5,73.2],[144.2,73.9],[143.6,73.9],[143.1,74.3],[143.2,75.3],[142.8,76.9],[142.2,78.7],[142.4,79.3],[142,81],[141.3,82.6],[141.2,83.1],[140.7,84.3],[140.2,84.7],[140.1,86.1],[139.7,87],[139.2,87.8],[139.2,88.6],[139,89.4],[138.4,90.8],[138.4,91.2],[137.9,92.4],[137.3,93.5],[136.8,93.8],[136.7,94.5],[135.3,97.7],[134.5,99],[134.3,99.1],[133.7,100.4],[133.8,101.2],[133.2,102.4],[133.2,103],[132.9,103.5],[132.1,105.8],[131.7,106.4],[131.1,108.3],[130.3,110.1],[129.7,111.4],[129.7,111.6],[128.4,115.2],[127.1,118.4],[125.6,121.6],[124.1,124.6],[122.8,127],[121.1,129.4],[119.6,131.1],[119,131.2],[118.3,131.8],[118.4,132.7],[117.5,134.5],[116.7,135.7],[116.5,135.9],[116.1,136.9],[115.3,138.4],[114,140.1],[112.6,141.6],[112.7,142.8],[112.5,144.1],[113.2,144.4],[113.3,145.5],[113.1,145.8],[113.6,146.3],[113.6,147.2],[113.4,148.4],[112.3,150.1],[112.1,150.8],[111.8,151.2],[111.5,152.7],[111.1,153.7],[111.2,154.3],[110.8,155.6],[111.2,156.5],[111.2,157.5],[110.9,157.9],[110.8,159],[111.3,160.7],[111.7,161],[112.4,162.3],[115.9,163.5],[120.4,164.8],[121.6,165.2],[122.2,165.3],[125.4,166.2],[126.8,166.7],[130.2,167.4],[131.9,168.1],[134.4,168.8],[138.7,170],[143.1,171.1],[146.7,172.2],[149.4,173],[151.9,173.8],[156.4,175.1],[160.4,176.3],[164,177.3],[165.5,177.7],[172,179.5],[178.1,181.1],[182.9,182.3],[186.5,183.2],[196.3,185.7],[199.8,186.6],[204.9,187.9],[208.3,188.6],[213.4,189.8],[223.1,192.1],[230.4,193.7],[233.3,194.3],[235.3,185.6],[236.5,179.9],[238.6,170.7],[241.4,158.2],[242.7,152.6],[242.7,152.1],[243,151.5],[243.7,151.4],[244,150.3],[244.7,148.9],[245.3,148.1],[244.8,147.3],[244.9,146.4],[245.7,146.3],[246.6,145.1],[246.7,144.8],[246.3,144.2],[245.6,143.9],[245.8,142.8],[244.9,142.5],[244.4,142.8],[243.8,141.5],[243.2,141.8],[242.6,141.7],[242,140.9],[242.7,139.9],[242.2,138.8],[242.2,138.3],[242.8,137.7],[242.9,136.4],[243.5,136.1],[243.8,135.6],[244.6,135.2],[244.6,134.7],[245.1,134.4],[245.3,133.7],[245.8,133.2],[246,132.7],[246.8,131.4],[247.2,131],[248,130.9],[249.2,130.5],[249.3,130.2],[250.2,129.2],[251.1,128.4],[251.7,127.5],[251.5,126.3],[251.9,125.3],[252.9,124.7],[253.3,123.9],[254.3,123.1],[255,121.7],[255.3,120.9],[256,120.1],[256.2,119.1],[257.5,117.5],[257.9,117.3],[258.2,116.6],[258.8,116.3],[259.2,115.2],[259.8,114.5],[260.6,113.9],[261.1,113.1],[260.9,112.2],[260.3,111.1],[260.5,110.1],[259.8,108.9],[258.7,108.6],[258.3,107.6],[257,107.1],[257,106.3],[256.4,105.4],[256.1,104.6],[256,103.3],[255.7,102.8],[254.6,102.5],[249,101.2],[246.8,100.7],[242.9,99.7],[236.4,98.2],[230.5,96.8],[222.7,94.9],[222.2,95.3],[220.7,95.8],[220.1,95.9],[218.9,95.7],[218,95.2],[216.9,95.1],[216.2,95.2],[214.8,94.9],[214.2,95],[213.6,94.8],[212.9,94.3],[212,94.5],[211,95.4],[209.3,95.3],[208.8,95.1],[207,95.1],[206.1,94.9],[204.2,95.4],[203,95.4],[202.4,95.5],[201.6,96.2],[200.4,96],[198.3,96],[197.1,95.8],[196.7,95.5],[196.1,94.4],[195.6,94.1],[194.9,93.9],[193.9,94.4],[192.1,94.6],[191,94.7],[190.2,95.2],[189.5,94.7],[188.8,94.7],[188.4,94.5],[187.2,94.3],[186.2,94.9],[185.3,94.8],[185.2,93.2],[184.2,92.5],[183.5,91.9],[182.4,91.9],[181.5,91.4],[181,90.8],[180.5,90.5],[178.8,90.6],[178.2,90.4],[177.1,90.4],[176,89.7],[175,89.8],[174.3,90.2],[174.1,90.5],[172.3,90.9],[171.7,90.9],[170.6,91.2],[169.2,91],[168,91.4],[167.3,91.3],[166.7,91],[166.5,90.4],[166.1,90.2],[165.1,90.2],[164.6,89.7],[162.8,88.4],[161.7,87.9],[160.5,86.6],[160.5,86],[161.1,84.8],[161.3,83.8],[161,83],[161.6,81.7],[161.5,80.6],[161.7,79.5],[161.5,78.9],[161.4,78.1],[161.2,77.6],[161.3,76.9],[161.1,76.3],[160.3,75.6],[159.9,74.7],[158.5,73],[157.7,72.7],[155.6,73.2],[154.2,72.7],[153.5,71.7],[153.9,70.6],[153.3,69.5],[152.2,69.4]]]]}},{"type":"Feature","properties":{"st":"PA","fips":"42","name":"Pennsylvania","label_x":916.8,"label_y":230.8},"geometry":{"type":"MultiPolygon","coordinates":[[[[864.8,213.3],[865.9,220.5],[867.6,230.3],[868.8,238],[869.9,244.6],[871.1,251.5],[872.6,261],[873.4,266],[877.2,265.4],[885.3,264.1],[891.9,262.9],[899.5,261.5],[908.5,259.9],[917,258.3],[922.9,257.2],[927.4,256.3],[935.8,254.6],[940.7,253.6],[949.2,251.8],[957,250.2],[957.2,250.1],[957.4,249.2],[958.1,248],[958.7,247.4],[959.4,246.9],[960.2,246.6],[961.5,246.5],[963.1,246.9],[964,245.8],[964.4,245.5],[965.4,245.2],[966.4,244.6],[966.7,244.2],[967.3,244],[967.6,243.5],[967.3,242.1],[968.2,241.4],[968.5,240.7],[969.1,240.2],[969.6,239.5],[970.2,238.8],[971.3,238.2],[971.9,237],[972.4,237.1],[973.4,236.2],[973.4,235.9],[972.7,235.4],[972.3,234.8],[970.8,234.3],[970.1,233.3],[968.7,232.6],[967.9,231.4],[967.3,231.2],[966.9,231.4],[966.2,231.3],[965.8,230.4],[965.8,229.8],[965.4,228.4],[964.7,227.9],[964,227.9],[963.4,228.3],[963,228.1],[962.9,227],[962.5,226.5],[962.8,225.7],[962.3,225.5],[962.4,224.5],[962.1,224.1],[962.4,223.4],[963,223.3],[963.4,222.8],[963.8,221.4],[964,220.8],[962.4,219.1],[962,218.3],[962.6,217.6],[963.5,216.7],[963.9,215],[964.8,214.1],[965.3,212.9],[965.5,211.9],[965.3,211.8],[965.5,210.5],[966.4,209.1],[966.6,208.6],[967.6,208.1],[967.1,207.4],[966.6,207.3],[966.1,206.8],[965.5,207],[965.2,206.6],[964.7,206.9],[964.3,206.7],[963.8,207],[963.3,206.3],[962.8,206.1],[962,206.4],[961.8,205.8],[961,205.2],[961,204.9],[959.8,203.8],[960.2,203.4],[959.7,201.8],[959.4,200.4],[958.9,200],[958.4,200.1],[958.5,199.1],[958,199],[957.9,198.5],[957,198.5],[956.3,198.2],[955.9,198.6],[955.2,198.4],[954.6,196.9],[954,196.8],[953.3,196.3],[952.9,195.8],[946.4,197.3],[944.2,197.7],[936.1,199.4],[929.2,200.8],[926.3,201.4],[922.8,202.2],[916.3,203.4],[912.1,204.3],[907.9,205.1],[905.7,205.5],[903.2,206],[897.7,207],[892.9,207.9],[887.7,208.8],[882.7,209.8],[877.7,210.6],[876.6,204.3],[875.3,205.3],[874,206.3],[872,208.1],[871.4,207.5],[870.7,208.2],[870.5,209],[870,209.6],[867.8,211.4],[867.3,211.7],[864.8,213.3]]]]}},{"type":"Feature","properties":{"st":"RI","fips":"44","name":"Rhode Island","label_x":1018.6,"label_y":188.2},"geometry":{"type":"MultiPolygon","coordinates":[[[[1025.3,186.1],[1025.2,186.5],[1024.3,187.6],[1024.4,188.7],[1023.9,190.8],[1024.2,191.1],[1023.8,191.7],[1024.3,191.9],[1024.8,191.6],[1024.8,190.9],[1025.6,190.3],[1025.4,189.4],[1024.9,187.5],[1025.2,187.3],[1025.5,187.8],[1025.8,189.1],[1026.5,190.4],[1026.7,191],[1027.6,189.8],[1026.9,187.7],[1026.6,187.4],[1026.4,186.1],[1025.3,186.1]]],[[[1022.5,187.2],[1023,187.7],[1023.4,187.8],[1023.4,188.5],[1023.8,188.7],[1023.8,187.8],[1023.3,187.5],[1022.8,186.9],[1022.5,187.2]]],[[[1023.1,191.9],[1023.7,191.2],[1023.2,189.5],[1022.8,189.3],[1022.9,190.4],[1023.2,190.8],[1023,191.2],[1023.1,191.9]]],[[[1021.3,199.7],[1021.7,200],[1022.4,199.7],[1021.9,198.7],[1021.6,198.6],[1021.3,199.2],[1021.3,199.7]]],[[[1016.2,197.2],[1016.6,197.1],[1017.6,196.6],[1018.5,196.3],[1019.9,195.2],[1021.5,194.4],[1022.3,194.3],[1022.5,193.3],[1022.4,192.8],[1022.7,192.4],[1022.7,191.7],[1022.4,190.3],[1021.6,189.4],[1022.3,189],[1021.8,187.3],[1021.1,187.4],[1020.9,186.9],[1021.9,186.7],[1022.2,185.9],[1021.8,185.7],[1021.3,184.5],[1021.8,184.5],[1022.1,185.1],[1022.6,185.6],[1023,185.5],[1023.5,185.9],[1023.4,186.6],[1024,187.3],[1024.4,186.9],[1024.6,186.3],[1024.3,185.8],[1024.6,185.4],[1023.7,184.6],[1022.4,184.2],[1021.8,183.4],[1021.8,182.4],[1021.5,181.6],[1020.8,181.9],[1020.1,179],[1013.1,181.1],[1013.5,182.8],[1015.4,189.1],[1016.6,194.7],[1016,195],[1016.5,196.5],[1016.2,197.2]]]]}},{"type":"Feature","properties":{"st":"SC","fips":"45","name":"South Carolina","label_x":893.7,"label_y":410.9},"geometry":{"type":"MultiPolygon","coordinates":[[[[842.5,383.9],[842.7,384.1],[842.3,385],[842.5,385.3],[841.7,386],[841.2,386.8],[840.5,387.1],[840.1,388.5],[839.7,388.5],[839.1,389.4],[839.3,390.1],[838.8,390.9],[839.2,391.9],[839.9,392.1],[840.1,392.5],[840.9,392.8],[841.4,393.3],[842.7,393.3],[842.7,393.6],[844.5,394.8],[844.9,395.5],[846.3,396],[846.7,395.7],[848.1,395.4],[849,396],[849.8,398],[850.7,398.5],[851.3,399.7],[851.8,400.1],[852.4,402.1],[852.8,402.8],[853.6,403.1],[854.5,404.1],[854.5,404.5],[855.5,405.2],[855.7,405.9],[856.5,407.1],[857.4,407.2],[857.9,407.8],[859.4,408.7],[859.7,408.6],[860.9,409.1],[862,409.8],[862,410.1],[863,410.6],[863.3,411.2],[863.6,412],[864.3,412.7],[864.5,413.5],[865.9,414.3],[866.4,414.1],[866.7,414.3],[867.7,414.6],[868.5,415.3],[869.1,416.3],[870.3,416.6],[870.7,417.1],[870.4,418],[870.5,418.6],[870.3,419],[871.2,419.8],[872.4,420.1],[872.2,420.5],[872.7,420.8],[872.5,421.4],[873.1,421.8],[873.9,422.2],[874.3,422],[874.5,422.3],[874.3,422.8],[874.6,423.3],[875.8,424.1],[877.1,424.5],[877.6,424.3],[878.6,425.2],[878.9,425.1],[879.9,425.6],[880.4,426],[880.4,427.6],[881.3,428.5],[881.6,429.5],[882.3,429.8],[882.4,430.9],[882.7,431.7],[882.7,432.9],[883.3,433.4],[883.3,434.8],[884.3,435.7],[885.1,435.9],[886.1,435.9],[886.2,436.4],[886.8,436.7],[888,437.7],[888.1,438.8],[888.7,439.4],[889,440.1],[889.4,440.4],[890.1,441.3],[890.2,441.7],[889.8,442.3],[889.7,442.9],[890.6,444],[890.9,445.6],[891.4,445.7],[892,446.1],[892.7,446.1],[893.1,445.7],[893.8,446.1],[894.3,446.3],[895,446.8],[895.6,446.9],[895.3,446.4],[896.2,444.9],[896.8,444.9],[898.3,443.7],[899.3,441.9],[899.1,441.5],[898.2,440.9],[897.8,441],[897.3,440.7],[897.3,440.1],[898,439.5],[898.6,440],[899.5,440.1],[899.6,440.7],[900.1,440.7],[900.5,440.2],[901.1,440.2],[902.9,438.9],[903.2,438.1],[903.4,437.1],[903.2,436.6],[902.7,436.7],[902,435.6],[902.1,434.7],[903.1,434.6],[903.4,435.2],[903.7,435],[904.3,434.3],[904.9,434.7],[905.8,433.6],[907.2,432.4],[907.8,432.3],[908.1,431.8],[908.8,431.3],[910.2,430.6],[910.8,430.6],[911.4,429.8],[912.8,428.5],[912.7,428.1],[912.9,427.2],[912.7,426.9],[911.7,427],[911.7,426.3],[912.4,426.1],[913.2,426.7],[913.9,426.1],[915.4,425.1],[915.5,424.6],[915.8,423.9],[916.9,422.9],[917.8,422.2],[917.2,421.9],[916.9,421.3],[917.4,419.9],[918.4,419.1],[919.2,419.4],[920.4,419.2],[920.7,419.3],[921.5,419.1],[921.8,418.1],[921.9,417.1],[922.7,416.4],[923.4,416],[924.2,414.8],[924.4,413.8],[924.1,412.8],[924.3,409.8],[924.8,407.7],[925,407.1],[925.9,405.8],[926.2,405],[927.2,403],[928.5,401],[929.4,399.8],[930.8,398.5],[931.7,397.8],[933.1,397],[933.9,396.7],[926.3,391.3],[921.9,388.1],[917.8,385.2],[915.4,383.4],[908.3,378.4],[904.6,379],[897.7,380],[892.7,380.7],[887,381.6],[886.9,378.8],[884.5,376.4],[883.3,375.3],[881.6,377.1],[881.2,376.7],[881.1,376.1],[881.5,375.4],[881.1,375.1],[881.1,374.6],[877.3,375],[870.9,375.6],[868.3,375.9],[859.6,376.8],[857.7,377],[856.9,377.3],[855.7,377.6],[855.4,376.9],[854.9,377.4],[854.7,378.2],[854.2,378],[852.3,379.1],[851.5,379.3],[850.6,379.9],[850.2,379.8],[850.1,380.5],[849.5,380.7],[849,381.3],[848.4,381],[842.5,383.9]]]]}},{"type":"Feature","properties":{"st":"SD","fips":"46","name":"South Dakota","label_x":524.6,"label_y":180.1},"geometry":{"type":"MultiPolygon","coordinates":[[[[462.2,158.2],[462,161.1],[461.1,171.5],[460.7,177.4],[460,185.1],[459.5,191.4],[458.9,198.3],[458.3,205.1],[465.8,205.8],[474.1,206.4],[479.9,206.8],[485.1,207.2],[492.1,207.7],[496,207.9],[499.9,208.2],[506.7,208.6],[510.6,208.8],[516.9,209.1],[521.7,209.3],[529.1,209.7],[536.8,210],[546.6,210.3],[553.5,210.5],[554,211.7],[554.5,212.2],[554.8,212.1],[556.1,212.9],[556.4,213.2],[557.5,213.5],[558.2,214],[559,214.4],[559.4,214.4],[559.7,214.8],[561.3,216.2],[562.8,216.1],[563.6,215.4],[563.9,215],[564.1,214],[564.6,213.8],[565.8,214.3],[567.4,214.5],[568.8,214.1],[569.5,214.4],[570.5,214.2],[571.6,214.5],[572,214],[572.7,214],[573,214.3],[573.9,214],[574.2,214.3],[574.9,214.3],[575.4,214.5],[575.5,215.4],[576.6,215.7],[576.9,216.3],[577.9,216.3],[579.5,216.6],[580,217.6],[580.7,217.2],[582.5,217.9],[582.5,218.7],[583.2,219],[583.8,218.8],[584.5,219.2],[584.1,220.2],[584.5,220.9],[585.3,221.6],[585.5,222.5],[585.9,222.7],[586.7,222.3],[587.3,222.6],[587.7,223.2],[588.7,223],[588.2,222.7],[588.1,221.5],[587.1,219.1],[586.4,218.5],[585.5,217.9],[585.3,217.2],[585.7,216.1],[586,216.1],[586.4,215.1],[587,214.5],[587.1,213.9],[587.1,212.8],[587.8,211.9],[587.4,211.5],[587.9,210.8],[587.6,210.4],[588,209.8],[588.6,209.2],[588.5,208.7],[588.8,208.3],[588.8,207.8],[588.4,207.4],[588.4,206.7],[588.1,205.7],[587.5,205.8],[586.9,205.6],[586.9,205.1],[586.5,204.4],[586.4,203.9],[587.1,204],[587.4,203.6],[587.4,201.7],[587.2,201.6],[586.2,200.7],[586.1,200.4],[586.5,199.6],[586.2,199.2],[588.6,199.2],[588.7,192.3],[588.7,182.7],[588.8,176.5],[588.8,170.8],[588.8,164.7],[588.8,156.8],[588.3,155.4],[586.1,154.2],[585.1,154.1],[584.3,153],[583.7,151.5],[582.2,149.5],[582.5,148.6],[583.8,147.6],[584,147.3],[585.3,146.5],[585.6,146.2],[586.1,145.2],[586.8,144.4],[587.1,141.8],[577.5,141.7],[572,141.6],[567,141.5],[556.7,141.3],[548.6,141],[542.8,140.8],[534.8,140.5],[527.9,140.1],[520.4,139.8],[515.3,139.5],[507.4,139.1],[502.4,138.8],[494.9,138.3],[488.8,137.9],[482.8,137.4],[476.8,137],[470.5,136.5],[464.3,136],[464,140.6],[463.3,149.4],[462.6,158.1],[462.2,158.2]]]]}},{"type":"Feature","properties":{"st":"TN","fips":"47","name":"Tennessee","label_x":776.3,"label_y":369.7},"geometry":{"type":"MultiPolygon","coordinates":[[[[714.8,373],[715.1,373.9],[716.4,374.6],[716.6,375.6],[716,375.9],[715.2,375.2],[714.7,375.1],[714.3,375.7],[714.4,376.4],[715.7,376.8],[715.7,377.2],[715.1,377.7],[714.5,377.5],[713.8,378.1],[713.9,378.8],[713.3,379.2],[712.7,378.9],[711.8,378.9],[710.9,379.8],[711,380.6],[711.6,381.3],[712.4,381.4],[713,381.2],[713,381.8],[712.3,382.3],[712,382.3],[711.3,382.7],[711.2,383.1],[711.5,383.8],[712,383.9],[712.3,384.3],[712.1,384.7],[711.3,384.6],[711.2,384.1],[710.3,383.7],[709.6,384.1],[709.5,385],[709.8,385.6],[710.4,386.3],[710.5,386.8],[709.6,387.4],[709.2,386.8],[709.3,386.2],[709,385.8],[708.4,385.9],[708.1,386.7],[707.4,387.2],[707.2,388.1],[708,388.3],[707.9,387.6],[708.5,387.4],[709.1,387.9],[708.7,389.9],[707.8,390.1],[707.6,390.5],[707.9,391.1],[709.1,391.3],[709.5,391.9],[709.1,392.5],[709.1,393.1],[709.7,393.4],[709.8,393.8],[709.1,394.3],[708.2,394],[707.7,394.5],[707.7,395.9],[707.2,396.6],[706.1,396.3],[705.6,396.3],[705.3,397.4],[714.1,396.9],[716.2,396.8],[722,396.4],[727.3,396],[737.9,395.2],[745.6,394.6],[745.5,394.3],[749.4,394],[755.8,393.5],[760.3,393.1],[771.2,392.4],[777.5,391.8],[780,391.5],[786.3,390.9],[790.9,390.5],[795.1,390.1],[799.3,389.7],[807.8,388.6],[810.3,388.3],[819.5,387.1],[819.4,381.5],[820.6,380.3],[821.1,380.9],[823,380.5],[823.8,379.9],[824.3,379.1],[824,378.7],[823.9,378],[824.4,377.4],[824,376.7],[824.5,375.8],[825,375.1],[825.9,374.7],[826.3,373.7],[827.3,373.4],[828.2,372.4],[829.2,372.2],[829.4,372],[830.9,371.9],[831.4,371.6],[832.1,371.8],[833.4,371.7],[834.2,370.4],[834.5,370.4],[835.6,369.5],[836.2,368.8],[836.6,369],[837.6,367.9],[837.7,367.2],[838.8,366.9],[839.1,366.1],[840.2,365.7],[840.6,365.3],[841.4,365.2],[842.3,365.4],[842.7,365],[843,364.1],[843.3,363.7],[843.6,362.9],[843.3,361.9],[843.5,361.2],[844.3,360.9],[844.9,361.3],[845.5,360.7],[845.4,359.9],[847.1,358.2],[848,357.6],[848.9,358.4],[848.6,359.1],[848.8,359.9],[849.9,359.8],[850.7,359.4],[851.4,358.5],[852.2,356.6],[853.1,355.7],[853.4,355.7],[854.2,355.1],[855,355.1],[855.7,354.3],[856.2,354.6],[856.8,354.4],[857.3,355.3],[858.2,355.2],[858.6,354.6],[859.1,354.7],[860.8,350.1],[861.6,349.2],[862.7,348.5],[863.3,348.9],[863.9,348.7],[864,348.4],[863.5,347.1],[863.8,346.8],[863.8,345.9],[864.1,345.6],[864,344.8],[863.6,344.1],[864.1,343.2],[864,342.8],[864.5,342.1],[859.4,342.8],[859.2,343.3],[854.1,344.1],[849.4,344.8],[841.5,345.9],[834.6,346.8],[834.3,346.8],[827.9,347.6],[826.9,347.7],[826.7,348.2],[824.8,348.4],[821.1,348.7],[815.8,349.3],[812.6,349.6],[810.7,349.8],[805.1,350.3],[801.7,350.4],[798.5,350.6],[796.6,350.8],[793.1,351.4],[786.7,352],[782.9,352.2],[779.8,352.3],[777.3,352.3],[774,352.6],[773,353.1],[772.5,352.7],[770.1,353],[762.7,353.9],[757.1,354.5],[752.9,354.9],[748.9,355.4],[748.9,354.6],[745.9,354.6],[744.8,354.6],[745.4,356.4],[745.7,357.8],[745.4,358.9],[740.2,359.2],[730.8,359.9],[728.4,360.1],[725.5,360.3],[722.1,360.5],[719.9,360.8],[719.6,361.4],[719.1,361.9],[718.7,361.8],[718.6,360.9],[717.6,361],[718,361.4],[717.7,362.8],[718.4,363.9],[718,364.7],[716.5,364.8],[716.6,365.5],[718.1,366.4],[718.1,366.8],[717.1,367.2],[715.9,367],[715.1,367],[715.2,367.6],[716.9,368.8],[717.2,369.3],[717.2,369.8],[716.6,370.4],[715.9,370.7],[715.6,371],[715.6,372.1],[715.3,373],[714.8,373]]]]}},{"type":"Feature","properties":{"st":"TX","fips":"48","name":"Texas","label_x":524.7,"label_y":487.6},"geometry":{"type":"MultiPolygon","coordinates":[[[[465,360.2],[464.2,360.2],[463.5,370.7],[462.7,380.9],[462,389.7],[461.3,399.1],[460.6,408.3],[459.8,419.1],[459.1,426.9],[458.5,433.6],[457.6,442.7],[457.1,450.2],[456.5,458.4],[455.9,466.3],[450.7,465.9],[442.8,465.3],[436.9,464.8],[426.8,463.9],[419.1,463.2],[409,462.2],[403,461.6],[395.2,460.7],[393.6,460.6],[385.5,459.7],[385,460.1],[385.4,460.8],[384.7,462.1],[384.8,462.8],[385.4,463.5],[385.8,464.2],[386.4,464.4],[386.7,465],[387.4,465.9],[388.2,465.6],[389.5,466.5],[390,467.4],[390.2,468.2],[390.7,469.3],[391,470.7],[391.7,471.3],[391.8,471.9],[392.3,473.1],[392.9,473.4],[393.6,474.2],[394.2,474.4],[394.6,475],[396.1,475.3],[396.7,476],[397.1,476],[397.4,477.3],[397.8,477.3],[398.1,477.9],[398.6,478],[399.9,480.2],[400.2,481],[400.8,481.1],[401.4,481.9],[402.6,482.5],[403.4,483.4],[403.7,484],[403.7,484.8],[404.1,485.6],[404.6,485.8],[405.4,486.9],[407,488.3],[407,489.1],[407.7,489.3],[408.5,489.9],[409.1,490.1],[409.6,490.7],[410.5,490.7],[410.9,491],[411.7,492],[412.5,492.3],[412.7,492.9],[413.4,493.4],[413.3,493.7],[414.2,493.8],[414.8,494.4],[415,495.7],[415.9,495.9],[416.4,496.7],[416.7,498.2],[416.7,499.4],[417,500.4],[416.8,501],[417.6,501.8],[417.7,502.4],[418.6,503.3],[418.7,504.2],[419,504.3],[419.8,506.3],[419.5,507.4],[419.6,508.5],[419.1,509.3],[419.1,509.9],[419.4,510.1],[419.5,511.1],[419.4,512.2],[419.8,513.1],[420.2,513.6],[420.6,514.8],[420.9,515.1],[421.4,516.1],[421.6,517.3],[421.8,518],[421.7,518.3],[422.3,519.2],[423.1,520],[424.4,521],[424.4,521.4],[425.5,522.3],[426,522.2],[427,522.6],[428,523.7],[427.9,524],[428.5,524.8],[428.5,525.1],[429.2,525.9],[430.1,526.3],[430.4,526.9],[431.3,527.5],[432.5,528.2],[433.5,528.3],[433.7,528.6],[435.3,528.9],[436.4,529.5],[436.4,530.1],[436.9,530.1],[437.4,531.1],[438,531.5],[438.7,531.7],[439,532],[439.7,531.9],[440.1,532.3],[440.8,532.2],[441.4,532.7],[442.4,534.1],[443.3,535],[444.6,535.7],[445.1,535.7],[446.8,536.8],[447.3,536.6],[448.5,536.9],[449.6,536.9],[449.9,536.1],[450,535.2],[450.6,534.5],[451.3,534.3],[451.9,533.7],[452.3,532.7],[452.8,532.4],[453.2,532.7],[453.7,532.3],[455.1,531.6],[455,531.3],[454.4,530.8],[454.8,530],[455.1,528.6],[455.8,528.6],[456.3,527.6],[456.2,526.6],[456.8,525.4],[456.8,524.8],[457.6,524.2],[457.8,523.1],[458.3,523.1],[458.5,522.1],[459.4,521.3],[459.3,520.9],[459.9,519.9],[461,520],[462.3,519.4],[462.7,519.8],[463.7,519.1],[465.8,519.7],[466.4,518.1],[466.9,517.3],[467.7,517.2],[468.1,517.5],[469.6,518.1],[470.1,518.1],[470.5,518.8],[471.4,519.4],[472,519.4],[472.7,519.7],[473.1,519.3],[474,519.4],[474.3,519.2],[475.2,519.7],[475.6,519.6],[476.3,519.7],[476.8,519.5],[477.2,519.9],[478,520.1],[478.3,519.9],[479.6,520.5],[480.6,520.5],[480.9,520.9],[481.4,520.5],[482.4,520.5],[483,520],[483.3,520.8],[483.9,520.8],[484.5,520.5],[485.1,521.2],[485.5,521.1],[486,521.7],[486,522.1],[486.3,522.5],[486.5,523.4],[486.8,523.6],[487.5,523.6],[487.7,524],[487.5,525],[487.9,525.6],[488.2,525.1],[488.2,524.6],[488.8,524.4],[488.9,525.7],[488.5,526.5],[489,526.8],[490.3,527.1],[490.7,528],[492,528.2],[492.5,528.5],[492.9,529.8],[493.4,530.7],[494.7,531.2],[494.8,531.6],[495.9,532.2],[496,532.8],[497.7,533.7],[498.2,535],[498,535.5],[498.6,536],[499,536.6],[499.7,536.9],[500,537.3],[500.5,540],[500.3,541],[500.7,542],[501.3,542],[501.5,542.9],[501.8,543.3],[501.9,543.8],[502.3,543.9],[502.6,544.7],[502.6,545.3],[503.1,545.9],[502.9,546.7],[503.1,547.7],[503.9,548.3],[504.2,548.2],[504.2,549],[505.1,549.6],[504.8,550.4],[505.3,551.3],[506.3,551.6],[505.7,552.2],[506.2,552.9],[506.3,553.3],[506,553.9],[506.6,555.3],[507.1,556],[507,556.8],[507.5,557.6],[507.9,558],[508.5,558],[508.7,559],[509.6,559.6],[510.1,559.6],[511.2,560.2],[511.8,561.2],[511.8,561.6],[512.5,562.1],[512.7,563.1],[513,563.8],[514.2,564.2],[514.1,565.1],[515,566.1],[514.8,566.9],[515.3,567.6],[515.2,568.5],[515.7,568.6],[515.9,569.3],[516.5,569.1],[516.7,569.9],[517.4,570.1],[518.7,572],[519.4,571.9],[519.5,572.4],[520,572.7],[520.8,572.4],[521.3,572.9],[522.1,573.3],[522.7,574.2],[522.4,574.7],[522.2,575.7],[522.9,575.7],[523.2,576.1],[522.9,576.9],[523,577.8],[522.9,578.5],[522.5,579.1],[522.6,579.5],[521.9,580],[522.8,580.3],[522.7,581.1],[523.4,581.2],[523.9,581.6],[523.8,582.2],[524,582.6],[524.1,583.3],[523.8,583.9],[524,584.5],[523.7,585],[524,585.3],[523.5,586],[523.6,586.9],[524.4,587.5],[525,588.1],[524.6,588.4],[524.9,589],[525.8,589.3],[526.1,589.7],[525.9,590.3],[526.6,590.7],[527.2,591.2],[527.3,591.9],[527.7,592.5],[527.7,593.5],[528.3,594],[528.3,594.7],[528.5,595.6],[528.9,596.5],[529.1,598.4],[529.9,598.7],[530.6,599.9],[530.2,601],[530.8,601.7],[531.7,601.4],[532.4,601.8],[533.2,601.8],[533.7,602.3],[534.2,602.2],[534.8,602.8],[536.2,602.5],[536.8,602.8],[537,603.4],[537.7,603.6],[537.9,604.1],[538.6,604.5],[538.7,604.9],[539.2,605.1],[539.5,605.7],[540.4,605.4],[541.3,605.4],[541.4,605.8],[542.1,605.9],[543.1,606.4],[543.8,606.2],[544.3,606.7],[545.1,607.1],[545.4,607.7],[546.1,607.8],[546.8,608.6],[548,608.7],[547.7,609.1],[548.3,609.8],[548.9,609.7],[549.4,610.2],[549.8,609.8],[550.4,610.2],[551.4,610],[552.1,610.4],[552.8,610.6],[553,610],[554,610],[554.3,610.4],[555,610.4],[556.1,610.1],[556.6,610.4],[557.9,610.3],[558.1,610.6],[558.8,610.9],[559.8,610.9],[560.1,611.2],[561.1,611.2],[561.2,611.6],[562,612.3],[562.5,613.2],[563.3,613.3],[563.6,613.7],[563.8,614.4],[565.3,614.8],[565.4,615.3],[565.9,615.5],[567,615.5],[567.2,614.9],[567.1,613.8],[568,613.6],[569.1,613],[569.7,613.1],[570.1,612.8],[571.8,612.9],[571.8,610.4],[570.8,610.6],[570.7,610.1],[569.7,610],[569,609.7],[568.5,609],[568.8,608.7],[568.5,608.2],[568.7,607.6],[568.4,606.9],[568.4,606.4],[568.9,605.4],[568,603.3],[567.2,601.2],[566.4,600.8],[566.5,600.2],[566.2,599.5],[566.3,598.9],[565.7,597.6],[565.7,597.1],[565.2,595.3],[565,593],[565.3,593],[565.8,588.8],[566,586.7],[566.2,584.8],[566,584.7],[566.4,582.5],[565.8,582.4],[563.8,583.2],[563.2,582.9],[562,582.8],[561.9,581.9],[562.5,581.8],[563,581.3],[564,580.7],[564.5,580.1],[565.1,580.1],[565.1,580.6],[564.4,581.4],[564.1,582],[564.6,582.1],[565.1,581.6],[565.8,581.2],[566.2,581.2],[566.8,580.8],[567.5,578.9],[567.6,578],[568,577.4],[568.1,576.5],[568.6,575.2],[569.2,574.7],[569.2,574.3],[570.1,572.3],[568.8,571.9],[567.7,571.3],[567.2,570.3],[567.2,569.6],[566.7,569.3],[565.5,569.3],[564.7,568.6],[564.7,568.2],[565.1,567.9],[565.9,568.1],[567.5,568.1],[568.3,568],[568.6,568.3],[569.7,568],[570.2,568.1],[570.8,569],[571.5,569.4],[572.2,568.1],[572.6,567.6],[574.5,564.8],[574.9,564.3],[574.7,563.6],[575,562.8],[574.5,562.6],[574.4,563.1],[573.4,563.5],[573.1,563.9],[572.3,564.5],[571.7,563.9],[571,563.5],[571,563.2],[572.4,562],[574.7,561],[575.1,561],[574.9,561.8],[576.3,562.4],[576.9,562.4],[578.2,561.2],[579.7,560.1],[580,559.4],[579.5,558.6],[579.9,558.1],[579.8,556.8],[580.2,555.9],[580.5,555.7],[581.6,555.9],[581.8,556.7],[581.7,557.2],[582.1,558],[582.5,558.1],[583.4,557.9],[584.3,557.1],[585.7,556.4],[586.9,555.6],[587.6,555.9],[587,556.3],[587.3,556.9],[587.2,557.4],[585.4,557.8],[584.8,558.3],[583.9,558.5],[582.7,559.6],[581,560.9],[579.9,560.9],[579.2,561.4],[579.3,562],[578.5,562.5],[578,562.3],[577.8,562.9],[577.2,563.1],[576.9,564],[576.4,564.5],[575.8,565.7],[575.1,566.6],[573.7,567.3],[572.7,569],[572.9,570],[572.3,570.7],[571.5,572.4],[570.4,573.8],[569,576.7],[567.7,580.3],[567.4,582],[566.8,585.9],[566.8,588.3],[566.7,591.1],[566.9,593.2],[567.6,594.9],[568,596.7],[568.6,598.4],[568.5,598.7],[569,599.4],[569.7,601.7],[570.3,603.9],[570.8,606.1],[571.1,609],[571.6,610],[570.9,604.8],[570.4,602.6],[569.7,600.2],[568.8,597.5],[568.3,595.5],[567.8,593.3],[567.4,591.2],[567.3,589.2],[567.2,587.1],[567.4,585],[567.7,583.1],[568.2,581.2],[569.1,578.6],[569.9,576.7],[570.9,574.7],[572.5,571.9],[573.5,570.3],[574.5,569.2],[575.4,567.5],[576.6,566],[577.9,564.6],[579.8,562.8],[581.4,561.5],[583.2,560.2],[586.2,558.4],[587.1,558],[588,557.1],[588.2,556.5],[589.3,555.7],[591.8,553.9],[594.7,552.4],[598.8,550.6],[600.2,549.9],[602.9,548.2],[603.4,547.8],[604.9,547.1],[608,545.3],[609.1,545.1],[609.7,544.4],[610.9,543.5],[611.4,542.9],[613.1,541.4],[614.4,540.4],[614.7,539.9],[616.4,538.5],[621,535.3],[622.4,534.2],[622.3,534],[621.3,534],[620.8,533.6],[620.6,533.8],[620.5,534.7],[619.4,535.2],[617.1,537.2],[616.9,537.6],[614.9,538.9],[614,539.8],[613.6,539.3],[613.8,538.4],[613.7,537.5],[614.6,537.4],[614.9,537.9],[616.5,536.5],[617.9,535.1],[618.5,535.3],[619.1,534.7],[619.2,533.3],[619.1,531.7],[617.9,531],[618.5,530.7],[618.7,530.2],[617.3,529.9],[616.6,529.3],[616.6,528.5],[617.2,527.8],[616.5,526.9],[617.1,526],[618.1,525.7],[618.5,526.5],[619.5,526.1],[619.9,525],[620.6,524.1],[622.2,523.3],[622.5,523.7],[623.2,524.2],[623.2,525.7],[622.9,527.2],[622.3,528.2],[621.6,529],[621.8,529.6],[622.9,529.2],[624.7,528.8],[625.7,528.4],[626.2,528.4],[626.7,529],[627.8,528.8],[627.4,529.4],[626.6,529.8],[626,529.4],[625.5,529.5],[625.2,530.3],[624.5,530.7],[623.6,530.7],[622.9,531.6],[621.7,532.6],[621.5,533.4],[622.4,533.2],[622.9,532.4],[623.7,531.7],[625.2,530.8],[627.1,529.9],[634.6,526.5],[636.2,525.9],[637.3,525.6],[638.7,525.6],[640.6,525.6],[640.6,525.3],[639.9,524.3],[639.6,524.1],[639.3,523.5],[638.7,522.9],[638.8,522.4],[640.2,521.3],[640.9,519.9],[641.1,519.1],[641.5,518.3],[642.4,517.5],[642.8,516.8],[642.6,515.9],[643.2,515.4],[643.2,514.4],[642.7,513.1],[643,512.3],[642.8,511.1],[642.3,510.9],[641.7,510.2],[641.9,509.7],[641.9,508.9],[643.1,507.6],[642.7,506.4],[642.7,505.8],[642.4,505.2],[642.4,504.5],[643.3,503.9],[643.2,502.9],[644.5,501.6],[644.7,500.8],[644.5,500.5],[645,500],[645.1,499.5],[645.6,498.9],[645.7,498.5],[645.6,497.5],[645.4,497.1],[645.7,496.3],[646.2,495.8],[645.4,494.9],[645.4,494.3],[645.9,494.2],[646.4,493.8],[645.7,492.5],[645.8,490.8],[646,490.2],[645.6,490],[644.8,490.5],[644.6,490.3],[644.5,489.2],[644.3,488.9],[644.1,488.1],[643.7,488.1],[642.8,487.2],[643.2,486],[643,485.1],[642.4,484.6],[642.4,484.2],[641.4,483.5],[641.9,482.6],[641.5,482.2],[640.8,482.2],[640,481.5],[639.6,480.3],[640,479.9],[639.8,478.9],[640.2,478.4],[639.7,477],[639.8,476.3],[639.5,475.8],[638.8,475.3],[638.7,474.8],[638,473.6],[636.6,472.8],[635.8,471.3],[635.3,471.1],[635.2,464.7],[635,454.8],[634.8,447.1],[634.6,439],[634.5,434.5],[634,434],[633.4,434.1],[633,434.5],[632.6,433.9],[631.8,433.6],[631,434.5],[630.4,433.7],[630.1,434.3],[629.6,434],[629.4,434.6],[628.5,434.4],[628.4,434.8],[627.7,434.6],[627.8,433.9],[627.2,434],[626.5,433],[626.4,432.4],[625.9,432.6],[625.2,433.1],[624.6,432.2],[624.2,432.2],[622.6,431.4],[621.5,431.5],[621.5,431.1],[621,431.1],[620.2,429.9],[619.1,430.3],[618.4,430.1],[618.2,429.8],[617.4,429.2],[616.5,428],[615.9,427.7],[614.8,427.4],[614.6,426.7],[614,426.7],[613.2,425.7],[612.7,425.7],[612.2,425.4],[611.3,425.1],[610.9,425.8],[610.9,426.4],[610.4,426.6],[610.1,427.2],[609.3,426.9],[609.2,427.3],[607.9,427.4],[606.2,427.2],[605.9,426.8],[605.4,427.1],[604.8,425.9],[604.1,425.8],[603.4,426.5],[602.8,426.5],[602.5,426.9],[601.9,427],[601.1,426.8],[601.2,427.7],[600.8,428],[600.2,427.5],[599.9,427.6],[599.7,428.1],[597.6,426.9],[597.5,427.5],[595.4,428.1],[594.4,427.9],[593.5,428.1],[593.5,428.5],[593.1,429.7],[592.5,430.1],[591.9,430.2],[591,429.7],[590.5,430.1],[590.3,431.1],[589.7,431.7],[589.3,431.5],[589.2,431],[588.5,430.3],[588.1,429.5],[586.6,429.6],[586.3,429.3],[586.1,428.5],[585.2,428.5],[584.2,428],[584.1,427.7],[584.8,427.2],[584.8,426.7],[584.2,426.7],[583.5,426.2],[583.3,426.3],[582.9,427.8],[582.5,428.2],[581.6,428.4],[580.9,427.3],[580.2,427.2],[580,427.7],[579.5,427.7],[579,426.6],[578.9,425.8],[578.5,425.1],[577.5,425.7],[577,425.8],[577.2,426.9],[576.5,427.8],[575.8,428.1],[575.1,428.9],[575.2,429.7],[575,430.6],[574.4,430.8],[573.5,430.3],[572.9,428.8],[573.1,428.1],[573.7,427.7],[573.4,426.7],[572.8,426.1],[572.2,426.5],[572.1,427.1],[571.6,427.4],[571.1,426.9],[570.4,427.1],[570.1,427.8],[569.7,428.3],[568.6,428.3],[567.9,427.8],[568.2,427.1],[568,426.3],[567.2,425.9],[566.2,426.4],[565.6,426.4],[565.3,425.9],[565.5,425.1],[564.7,424.4],[563.9,424.2],[563.4,424.5],[562.7,425.5],[561.8,426.4],[560.7,427.3],[560.1,427.5],[559.5,427.3],[558.7,426.7],[558.1,426.7],[557.8,426.2],[558.3,425.9],[558.3,425],[558.6,424.2],[558.1,423.7],[557.2,424],[556,423.8],[555.6,423.1],[555.7,422.8],[555.4,422.3],[555.3,421.8],[555.8,421.2],[555.9,420.7],[555.5,420.2],[555,420.4],[554.3,421.1],[553.7,421],[553,420.6],[551.8,420.5],[551.3,420.1],[550.6,420],[549.9,420.6],[549.9,421.3],[549.5,421.7],[548.2,422.2],[547.8,421.9],[546.5,420.1],[546,419.8],[545.1,419.7],[544.3,420.4],[542.8,420.3],[542,419.8],[541.1,419.6],[540,419.2],[539.3,418.4],[538.8,418.6],[538.3,418.2],[538.1,418.5],[537.5,418.6],[536.8,418.3],[536,418.5],[535.7,418.1],[535.2,418.3],[534.7,418.2],[534.4,416.5],[534.3,415.2],[533.1,414.1],[533.4,413.6],[532.9,413.4],[532.3,413.5],[532.1,413.2],[531.2,412.3],[530.9,412.6],[530.8,414.2],[529.9,414.2],[529.7,413.9],[528.8,413.3],[527.3,413.1],[526.9,414.1],[525,413.9],[524.6,413.3],[523.9,412.9],[522.8,411.5],[522.6,411],[522.1,410.7],[521.5,409.7],[520.4,409],[519.9,409.4],[519.3,409.4],[519.8,398.3],[520.2,389],[520.6,378.1],[521,370.5],[521.3,363.5],[511.5,363.1],[500.9,362.5],[490.8,362],[485.1,361.6],[479.1,361.2],[465,360.2]]]]}},{"type":"Feature","properties":{"st":"UT","fips":"49","name":"Utah","label_x":316.9,"label_y":271.8},"geometry":{"type":"MultiPolygon","coordinates":[[[[284.1,205.1],[283.7,207.6],[281.9,216.8],[280.7,223.1],[278.6,233.5],[276.9,242.2],[275.1,251.5],[274,257.1],[272.9,263.1],[270.6,274.6],[268.3,286.4],[267.3,291.9],[266.1,298],[265.3,302.1],[264.2,307.5],[263.5,311.6],[262,319.3],[261.6,321.3],[269.4,322.8],[275.9,324],[284,325.5],[292.7,327],[310.1,329.9],[315.2,330.8],[316.5,330.9],[322.3,331.8],[326.9,332.5],[327.4,332.7],[335.7,334],[343,335.1],[353.7,336.6],[355,327.7],[355.5,324.1],[356.8,315.2],[356.9,313.6],[357.6,309.2],[357.6,306.5],[359.1,296.1],[359.7,292.5],[360.5,286.6],[361.7,277.8],[363,269],[364.1,260.8],[364.8,255.6],[365.4,251.5],[366.6,242.5],[363.1,242],[358.2,241.4],[347.9,239.9],[345.9,239.7],[341.3,239],[340.6,238.8],[331.8,237.4],[332.7,231.6],[334,223.8],[335.5,213.9],[329,212.9],[327.6,212.7],[318.9,211.3],[316.1,210.8],[315.8,210.7],[308,209.3],[297.7,207.6],[293.4,206.9],[286.6,205.7],[284.1,205.1]]]]}},{"type":"Feature","properties":{"st":"VA","fips":"51","name":"Virginia","label_x":924.3,"label_y":306.5},"geometry":{"type":"MultiPolygon","coordinates":[[[[968,290.8],[967.7,291.3],[967.3,291.3],[966.6,292.2],[967.5,292.1],[968,292.3],[968.1,292.9],[967.8,293.8],[967.4,294.4],[966.5,294.6],[966.1,295],[966.6,295.7],[966.2,296.2],[966.1,296.9],[965.8,297.2],[965.9,297.9],[965.3,299.3],[965,300.8],[965.2,301.5],[965,302.8],[965.1,303.1],[964.9,304],[965.2,305.5],[964.8,306.4],[965,308.2],[965.4,308.8],[965.5,309.4],[966.4,310.4],[966.7,311],[966.6,311.7],[966.8,312],[967.4,311.8],[967,311.1],[967.4,310.8],[968,311],[969.1,308.9],[969,308.5],[969.1,306.8],[969.9,305.3],[970,304.3],[970.7,302.3],[970.3,301.6],[971.1,299.4],[970.7,298.5],[970.8,296.4],[971,295.3],[971.4,293.7],[972.3,291.9],[972.8,291.3],[973.2,291.4],[973.7,291.9],[974.1,291.3],[974.7,289.1],[975.3,287.3],[968.6,289.6],[968,290.8]]],[[[962.1,292],[961.2,292.2],[961.8,292.7],[962.1,292]]],[[[855.3,321.3],[852.8,324.3],[849.8,327.9],[849.2,328.7],[847.5,329.5],[846.6,330],[845.1,331.3],[844.4,332.1],[844.1,332.2],[842.9,333.1],[843.1,334.6],[842.1,335.9],[841.4,336.1],[840.6,336.9],[841,337.4],[841,338],[840.7,338.9],[839.2,339.9],[837.3,340.2],[836.8,340.9],[836.9,341.3],[836.4,342.1],[836.4,343],[835.4,343.3],[833.4,344.2],[832,345],[831.4,345.5],[830,345.6],[829.3,345.8],[828.6,346.5],[827.9,346.8],[826.9,347.7],[827.9,347.6],[834.3,346.8],[834.6,346.8],[841.5,345.9],[849.4,344.8],[854.1,344.1],[859.2,343.3],[859.4,342.8],[864.5,342.1],[864,342.8],[865.5,342.6],[867,342.5],[869.7,342.2],[870.9,342],[879.7,341],[882.2,340.5],[889.8,339.7],[893,339.2],[897.4,338.5],[904.3,337.3],[909.2,336.5],[914.3,335.5],[922.8,334],[927.7,333],[929.8,332.6],[940,330.6],[946.9,329.2],[952.2,328.2],[952.1,328],[954.1,327.6],[963.2,325.7],[971.4,324],[970.6,322.2],[969.7,320.9],[968.9,319.4],[967.2,315.9],[966.5,315.8],[966.1,316.2],[965.5,316.6],[964.6,316.4],[962.7,316.3],[962,316],[961.5,316],[961,316.8],[961.3,317.6],[960.9,317.9],[960.7,317.3],[960.1,317.4],[960.2,317.9],[959,318.1],[959,318.5],[958.4,318.4],[958.1,317.1],[957.2,316.5],[956.5,316.2],[955.9,315.7],[954.8,315.7],[954.3,315.4],[954.2,314.1],[953.7,313],[953.8,312.6],[953.3,312.1],[953,313.4],[952.4,313.5],[951.1,312.6],[949.9,312.5],[949.2,312.8],[948.3,312.3],[949,311.9],[949.6,311.3],[949.9,311.8],[950.6,311.6],[951.2,311.8],[952,312.5],[952.4,311.9],[953.1,311.6],[953.8,311.5],[954.3,311.7],[954.9,312.7],[954.7,313.2],[954.9,313.7],[956.2,314.5],[958.1,315.2],[958.5,315.9],[959.1,316.4],[959.6,316],[960.5,315.1],[961.2,315.2],[961.4,313.1],[960.7,312.2],[960,312.1],[959.7,311.6],[959,311.9],[958.7,311.4],[958.5,310.4],[957.1,310.9],[956.4,310.6],[956.5,310.2],[957.7,309.9],[957.9,309.6],[958.8,309.2],[958.4,308.9],[957.7,307.9],[956.8,307.3],[957.2,306.8],[957.8,306.6],[958.8,306.9],[959.5,307.6],[960,307.8],[960.4,306.1],[960,304.7],[959.6,303.9],[959,303.3],[958.3,303.9],[957.6,303.4],[958.5,302.2],[956.4,302.2],[955.8,301.5],[954.2,301.9],[953.2,301.3],[952.4,299.7],[951.9,299.2],[950.8,299.1],[950.4,298.5],[949.5,298.3],[947.8,296.3],[946.9,296],[945.6,294.9],[945.6,294.3],[946.6,294.7],[947,295.6],[947.8,295.6],[948.9,296.6],[949.6,297.4],[950.4,297.5],[951,298.1],[952.4,298.5],[953.5,299.8],[953.8,300.7],[954.3,301.1],[954.6,300.5],[954.9,300.5],[957.2,301.3],[958.1,300.9],[957.5,300.4],[957.5,299.5],[957.9,299.3],[957.5,298.6],[957.2,296.4],[957.9,296.2],[958.1,295.7],[958.1,294.4],[957.4,294],[955.9,293.4],[954.5,293.3],[953.5,292.7],[953.3,292.4],[952.4,292.2],[951.8,291.3],[950.4,290.6],[950,289.8],[949.1,290],[948.7,289.9],[948.1,290.4],[947.3,289.9],[945.9,290.3],[945.2,290.2],[944.4,289.7],[943.4,289.5],[943.2,288.5],[942.5,288.2],[941.8,287.5],[941.8,286],[941.1,285.5],[940.5,286.4],[939.6,286.6],[939.2,287.2],[937.9,287.8],[937.2,287.8],[936.3,286.5],[935.8,285.4],[935.9,284.3],[936.2,283.5],[936.6,281.8],[936.5,280.7],[936.9,280.6],[937.3,281],[938,280.4],[938.5,280.4],[938.2,279.5],[938.6,278.8],[939.6,278.1],[939.3,276.4],[939.2,275],[938.3,274],[937.8,273.9],[937.2,273.4],[936.6,272.8],[935.3,272.9],[934.7,272.6],[934.6,271.8],[933.6,271.4],[932.7,271.2],[932.1,271.3],[930.5,271.3],[929.9,270.6],[929.3,270.5],[929,269.9],[929.2,269],[929.6,268.8],[929.9,267.8],[929.3,267.4],[928.2,267.1],[927.6,266.3],[926.7,266.5],[925.6,266.2],[924.8,266.5],[924.4,267.2],[924.3,268.6],[924,269.3],[923.9,270.2],[923.7,271.2],[916.9,267.5],[914.7,266.1],[913,265.2],[913.2,266.1],[913,266.5],[913.4,267],[913.1,267.8],[913.6,267.8],[913.4,268.7],[912.6,270.3],[913,270.6],[912.6,271.8],[913.3,272.4],[913,272.8],[912.5,273.8],[912.2,274],[911.7,274.7],[910.9,276.1],[911.3,276.3],[910.7,277.8],[910.3,277.4],[909.8,277.8],[909.4,278.9],[908.9,279.5],[908.4,279.1],[908.1,279.8],[907.7,280.2],[907.3,281.6],[906.7,283.3],[904.1,281.7],[903.8,282.6],[903.8,283.2],[903.2,284.4],[903,285.5],[903.2,285.8],[903.2,286.5],[902.5,286.7],[902.2,287.8],[902.2,288.5],[901.7,290],[901.7,290.8],[901.1,291.8],[900.8,292.6],[900.3,293],[897.1,292.4],[896,290.8],[895.6,290.4],[893.5,289.8],[893.2,291.8],[893,292.7],[893.4,293.7],[893.1,294.1],[892.7,295.7],[891.7,297],[892.2,297.7],[891.7,298.4],[891.3,298.7],[890.6,299.9],[890.2,301.3],[890,301.5],[890.4,302],[890,303.1],[889.5,304.9],[888.4,306.3],[887.4,307.9],[887,308.2],[886.7,309.1],[886.3,309.9],[886.2,310.7],[885.8,311.3],[886,311.9],[885.3,312.9],[886,313.9],[886.9,314.1],[886.4,315],[885.2,316],[885.6,316.3],[886,317.2],[883.9,318.9],[883.1,319.7],[882.7,319.5],[882.6,318.9],[882.1,318.5],[881.5,318.8],[880.7,319.5],[879,321.1],[877.9,321.8],[877.5,321.3],[876.5,320.8],[876.1,320.8],[875.8,321.8],[876.5,322.6],[875.7,323.5],[874.9,324.1],[874.3,324],[871.9,325],[871,325.5],[870,326.3],[868.1,325.1],[867.1,324.3],[867,324.8],[866.6,325],[866.4,326],[865.8,326.1],[864.8,327.2],[864,327.9],[861.8,328.4],[861.6,328.1],[860.6,327.7],[860,326.9],[859.2,326.8],[858.3,326.9],[858.2,326.4],[857.7,326],[856.7,325.4],[856.4,324.9],[856.4,324.1],[856,323.4],[855.3,323.3],[855,322.8],[855.9,321.9],[855.3,321.3]]]]}},{"type":"Feature","properties":{"st":"VT","fips":"50","name":"Vermont","label_x":985,"label_y":140.9},"geometry":{"type":"MultiPolygon","coordinates":[[[[970.3,118.8],[970.2,119.4],[970.6,119.8],[970.8,120.7],[970.7,121.3],[970.6,122.7],[971.6,123.5],[971.7,123.8],[971.4,125],[971.6,126],[971.7,128],[972,128.6],[972.8,129.3],[974,130.8],[974.3,131.9],[974.2,132.9],[974,133.4],[974.5,134.7],[974.9,135.5],[974.9,136.3],[974.5,136.7],[974.4,137.2],[974.1,137.8],[974.2,139.6],[974.1,141.3],[974.7,141.6],[975.2,143.7],[976.1,144.9],[976.3,145.6],[976.1,146.2],[977.1,147.2],[977,148.3],[976.6,149.2],[976.5,150.7],[976.8,150.9],[976.8,151.8],[977.4,152.1],[977.6,151.7],[977.5,151],[977.7,150.6],[978.7,150.4],[979.2,151.3],[979.7,151.6],[980.1,152.4],[981.5,158.6],[982.5,163.8],[983.5,168.4],[983.5,169.2],[984,170.4],[984.2,170.4],[991.9,168.7],[997.8,167.5],[997.3,166.9],[995.9,166],[995.4,165],[995.3,164.3],[995.6,163.4],[995.2,162.7],[995.4,162.3],[996.1,161.9],[996.4,160.9],[996,160.6],[995.8,160.1],[996.1,159.1],[996,158.4],[995.4,157.9],[995.2,156.8],[995.4,156.5],[995.1,155.2],[995.3,155],[995.5,153.8],[995.1,153.4],[995.3,152.8],[994.9,152.7],[994.9,152],[994.6,150.3],[994.6,149.6],[994.2,149.2],[994.4,148.5],[994.3,147.6],[994.8,147],[994.7,146.1],[994.9,145.3],[994.7,144.5],[995.1,143.6],[995.6,143.1],[995.9,142.5],[996.1,141.7],[995.7,140.5],[996,139.3],[996.4,138.8],[996.1,137],[996.5,135.9],[996.8,134.3],[996.4,134.1],[996.4,133],[995.7,132.4],[995.8,131.2],[995.2,130.5],[995.6,129.8],[995.5,129.2],[996.3,128.6],[997.1,128.4],[997.5,128.1],[998.1,128.2],[998.9,127.4],[998.7,126.9],[999,126.4],[1000.3,125.8],[1000.9,124.9],[1000.9,124.1],[1001.6,123.6],[1001.7,122.4],[1001.2,122],[1001.8,121.6],[1001.5,120.2],[999.6,117.8],[1000.2,116.5],[1000,116],[1000.1,115.2],[1000.8,113.5],[1000.3,113.2],[1000.1,112.5],[999.6,112],[1000,111.2],[995.7,112.4],[993.4,113.1],[987,114.8],[984.2,115.4],[983,115.7],[982.5,115.7],[978.3,116.7],[976.3,117.2],[974.4,117.7],[970.3,118.8]]]]}},{"type":"Feature","properties":{"st":"WA","fips":"53","name":"Washington","label_x":206.8,"label_y":57.1},"geometry":{"type":"MultiPolygon","coordinates":[[[[175.3,49.3],[175.3,49.9],[175.6,50.1],[176.3,50],[176.7,49.5],[177.4,49.3],[177,48.4],[177.4,47.3],[177.2,46.7],[176.8,46.7],[176.1,47.3],[175.8,48.1],[175.6,48.4],[175.6,49],[175.3,49.3]]],[[[181,22],[181.1,22.6],[182.2,22.4],[181.3,21.3],[181,22]]],[[[181.2,17.7],[181.5,18.2],[181.6,19],[182,19.8],[182.4,19.5],[181.8,18.7],[181.6,17.6],[181.2,17.7]]],[[[179.9,20.9],[180,22],[180.5,22],[180.9,21.5],[180.5,20.4],[179.9,20.9]]],[[[177.2,28.7],[177.2,29],[177.9,29.7],[178.1,30.7],[178.9,30.8],[179.1,31.1],[179,32.1],[178.6,32.9],[178.7,33.3],[178.4,33.8],[178.7,34.4],[179.2,34.9],[179.3,35.5],[180.2,35.4],[180.4,36.4],[180.3,37.2],[181.2,37.6],[181.8,36.7],[182,36.1],[181.8,35.5],[182,34.8],[181,34],[180.6,32.9],[180.2,33.3],[179.9,34.1],[179.4,34.5],[179.5,33],[179.4,32.4],[179.7,32.1],[179.7,30.5],[179.6,29.9],[178.7,29.3],[178,29.3],[178,28.8],[178.8,28.9],[179.2,28.4],[179.7,28.4],[179.9,27.9],[180.6,28.1],[181.2,28.5],[181.7,28.3],[181.7,27.8],[180.8,26.7],[181.1,25.8],[179.9,25.3],[179.5,26.3],[178.4,27.2],[177.2,28.7]]],[[[175.7,16.8],[176.3,17.5],[176.8,16.7],[176.3,16.6],[175.7,16.8]]],[[[177.4,10],[177.3,10.6],[178.2,10.9],[178.2,10.2],[177.4,10]]],[[[173,18.6],[173.4,19.1],[173.2,20.2],[173.6,21.2],[174.3,21.8],[174.6,22.3],[175.7,22.9],[176.3,22.8],[176.8,24],[178,24],[177.9,23.3],[178.2,22.7],[178.9,22.4],[178.9,21.9],[179.3,21.2],[179,20.6],[179.1,19.8],[180.4,19.1],[179.7,18.5],[178.7,17.4],[178.1,17.2],[176.3,18.1],[175.5,18.7],[175.8,19.3],[175.6,20.2],[175.2,19.8],[174.9,19.2],[174.6,19],[174.6,18.4],[173.6,18.1],[173,18.6]]],[[[173.1,16.3],[173.3,16.9],[174.3,17.9],[174.3,17.2],[173.9,16.7],[173.1,16.3]]],[[[269.3,33.9],[267.9,33.5],[260.5,31.8],[251.5,29.7],[241.8,27.4],[232.8,25.1],[224,22.9],[218.4,21.4],[213.2,20.1],[207,18.4],[197.5,15.9],[192.3,14.3],[187.7,13],[182.4,11.4],[181.2,12.2],[181.1,12.6],[182.1,13.1],[181.9,13.5],[181.2,13.9],[181.9,14.9],[182,16.2],[182.3,16.2],[182.6,17],[181.9,17.8],[182.3,18.8],[182.7,18.5],[182.4,18],[183.3,17.3],[184.3,17.5],[184.8,18.2],[184.1,19],[184,20.3],[184.8,21.9],[184.3,22.5],[183.8,22.6],[183.2,24],[183.3,24.6],[182.8,24.7],[182.3,24.4],[182.2,23.6],[181.7,23.5],[181.4,22.8],[180,23],[179.7,23.3],[180.4,23.6],[180.4,24.2],[179.9,24.4],[180.1,25.1],[181.4,25],[182.1,26.8],[182.5,27],[183.3,28.1],[183.6,29.1],[182.9,29.8],[182.1,29.1],[181.9,29.4],[181,29.3],[180.5,30.7],[180.5,32],[180.8,32.3],[181.6,32.3],[181.3,31.4],[181.4,30.9],[182.1,30.6],[182.4,30],[182.9,30.3],[183,31.2],[182.7,32.8],[183.5,34.8],[184.1,35.5],[183.9,36.7],[183.4,37],[182.5,37],[181.3,39.2],[180.3,39.8],[180,40.4],[180,41.6],[179.8,42.1],[178.7,43],[178.8,43.5],[179.5,44],[179.6,44.9],[178.5,45.1],[178.3,46.4],[178.6,47.3],[178.4,47.7],[178.4,48.8],[178.6,49.4],[178.4,50.4],[176.6,50.6],[176.3,50.8],[176.7,51.4],[176,51.7],[174.9,50.8],[174,51.7],[173.1,53.1],[172.4,53.2],[171.9,53.8],[171.3,54.4],[170.6,54.2],[169.9,53.5],[169.7,52],[168.9,52.2],[169.5,51.3],[169.4,50.6],[169.5,49.8],[170.5,48.9],[170.6,49.6],[170,49.8],[169.8,50.2],[170.3,52.5],[170.9,53.7],[171.7,53.3],[171.9,52.4],[172.5,52.2],[171.6,50.9],[171.3,50.2],[172,49],[173.1,48.5],[173,49],[172.2,50.2],[172.5,50.7],[173.1,52],[173.5,52],[173.8,51.4],[174.5,50.9],[174.3,50],[175.3,48.9],[175.2,48.4],[175.7,47.7],[176,46.8],[176.8,46],[176.1,45.5],[176.3,44.8],[177.3,44.3],[177.6,43.2],[177.3,42.8],[177.8,41.7],[177.3,41.3],[177.4,40.5],[178.4,40.8],[178.8,40.4],[178.5,39.8],[178.9,39.2],[178.7,38.8],[178.9,37.6],[178.8,37],[178.2,36.3],[177.9,36.4],[177.9,37.5],[177.3,37.8],[176.9,38.1],[175.8,38.7],[175.5,39.1],[175.1,39.3],[174.5,39.9],[173.8,41.3],[172.9,41.4],[172.1,41.3],[171,41.7],[170,42.2],[168.4,43.9],[166.4,45.9],[166.3,46.3],[167.2,46.7],[167.9,46.7],[168.6,46.4],[169.9,46.2],[170.2,46.6],[169.6,46.9],[168.3,46.9],[167.5,47.2],[166.8,47],[166.3,46.6],[165.6,46.5],[167,44.5],[170.1,41.6],[171.7,40.6],[172.2,39.6],[173.1,38.5],[173.8,37.9],[174,38.4],[172.8,40.4],[173,40.8],[173.6,40.4],[174.2,39.6],[174.7,38.4],[175.9,38],[176,37.1],[176.9,37.4],[176.9,36.5],[177,35.9],[176.9,35.2],[176.4,34.3],[176.5,33.8],[177.4,33.9],[177.5,31.8],[176.9,31.9],[176.5,32.8],[176,32.6],[175.8,31.7],[176.8,31.3],[176.8,30.7],[175.6,30.5],[174.8,30.9],[174.5,31.6],[175.1,32.5],[174.7,33.5],[174.4,32.3],[173.7,31.6],[174,31.1],[173.1,30.7],[172.1,30.8],[172,29.8],[171.4,28.9],[170.8,28.4],[169.7,29],[169.2,29.1],[168.6,28.8],[168.1,28.8],[166.9,28.5],[166.3,28],[166.4,27.7],[165.3,27.6],[164.6,26.9],[164.1,27.1],[162.6,25.9],[161.4,25.8],[158.3,24.7],[157.4,24.1],[156.7,23.3],[156.9,22.9],[155.1,21.3],[154.5,21.3],[154.2,20.9],[153.1,20.1],[150.9,17.4],[150,17.1],[149.7,16.5],[148.7,16.2],[148.4,16.3],[148.8,17.2],[149.2,17.8],[148.7,18.5],[148.3,19.4],[147.8,19.6],[147.9,20.1],[147.5,20.9],[147,21],[147.2,22.8],[146.8,23.5],[146.8,24],[146.4,25.9],[146.7,26.7],[146.6,27.8],[147.4,28.6],[147.6,29.4],[148.2,30.1],[148.1,31.2],[148.6,31.9],[148.5,33.2],[148.6,34.7],[148.4,36.7],[147.8,39.7],[147.6,41.2],[147.9,41.4],[148,42.5],[148.5,43.1],[148.4,44.8],[148,47.7],[147.5,50],[146.9,51.4],[147.8,51.3],[147.9,49.4],[148.5,49.1],[149.4,49.4],[149.9,49.8],[150.1,51.1],[150.6,51.2],[150.9,51.6],[151.5,51.7],[152,52.4],[150.3,52.6],[149.8,52.4],[148.6,52.8],[148.4,53.3],[147.9,53.2],[148,52.5],[147.8,52.1],[147.4,52.1],[147.4,53.8],[147.2,55],[146.9,55.9],[147.8,57],[148.5,57.4],[148.6,56.9],[150.2,57.2],[150.8,57.7],[149.1,58.3],[149,58.8],[148.3,59],[148.1,59.7],[148.5,60.2],[148.6,61.5],[147.5,62.6],[147.1,62.6],[146.5,63.1],[146.9,64.1],[146.6,64.8],[145.7,64.5],[146.2,61.8],[146.9,59.9],[146.5,58.6],[145.8,61.7],[145.1,64.1],[144.5,65.4],[143.9,66.5],[144.5,66.7],[145.2,65.9],[145.7,66.2],[145.9,67.1],[146.4,68],[146.9,68.3],[148.3,67.6],[149,68],[149.7,67.6],[150.3,67.9],[150.3,68.6],[151.2,69.1],[152.2,69.4],[153.3,69.5],[153.9,70.6],[153.5,71.7],[154.2,72.7],[155.6,73.2],[157.7,72.7],[158.5,73],[159.9,74.7],[160.3,75.6],[161.1,76.3],[161.3,76.9],[161.2,77.6],[161.4,78.1],[161.5,78.9],[161.7,79.5],[161.5,80.6],[161.6,81.7],[161,83],[161.3,83.8],[161.1,84.8],[160.5,86],[160.5,86.6],[161.7,87.9],[162.8,88.4],[164.6,89.7],[165.1,90.2],[166.1,90.2],[166.5,90.4],[166.7,91],[167.3,91.3],[168,91.4],[169.2,91],[170.6,91.2],[171.7,90.9],[172.3,90.9],[174.1,90.5],[174.3,90.2],[175,89.8],[176,89.7],[177.1,90.4],[178.2,90.4],[178.8,90.6],[180.5,90.5],[181,90.8],[181.5,91.4],[182.4,91.9],[183.5,91.9],[184.2,92.5],[185.2,93.2],[185.3,94.8],[186.2,94.9],[187.2,94.3],[188.4,94.5],[188.8,94.7],[189.5,94.7],[190.2,95.2],[191,94.7],[192.1,94.6],[193.9,94.4],[194.9,93.9],[195.6,94.1],[196.1,94.4],[196.7,95.5],[197.1,95.8],[198.3,96],[200.4,96],[201.6,96.2],[202.4,95.5],[203,95.4],[204.2,95.4],[206.1,94.9],[207,95.1],[208.8,95.1],[209.3,95.3],[211,95.4],[212,94.5],[212.9,94.3],[213.6,94.8],[214.2,95],[214.8,94.9],[216.2,95.2],[216.9,95.1],[218,95.2],[218.9,95.7],[220.1,95.9],[220.7,95.8],[222.2,95.3],[222.7,94.9],[230.5,96.8],[236.4,98.2],[242.9,99.7],[246.8,100.7],[249,101.2],[254.6,102.5],[255.7,102.8],[255.7,101.2],[255.2,100.3],[255.6,100.2],[256.5,98.7],[256,97.9],[256.3,97.3],[256.2,95.7],[255.7,95.1],[255.8,94.6],[255.3,94.2],[256,92.5],[257.4,86.2],[259.6,76.4],[261.4,68.4],[263.2,60.2],[264.7,53.7],[266,48.1],[266.7,45.2],[268.7,36.7],[269.3,33.9]]]]}},{"type":"Feature","properties":{"st":"WI","fips":"55","name":"Wisconsin","label_x":690,"label_y":167.8},"geometry":{"type":"MultiPolygon","coordinates":[[[[746.1,148.4],[747.1,149],[747.6,148.5],[747.6,148],[748.1,146.9],[747.2,146.8],[746.6,147],[746.1,146.9],[746.1,148.4]]],[[[739.5,152.6],[739.5,153.1],[740.2,153.2],[740.1,152.3],[739.5,152.6]]],[[[685.9,113.8],[686,114.3],[686.8,113.6],[686.9,112.6],[686.2,112.5],[685.9,113.2],[685.9,113.8]]],[[[682.9,116.2],[683.2,116.6],[683.6,116.3],[684.5,116.2],[685.1,115.4],[684.7,115.1],[683.1,115.7],[682.9,116.2]]],[[[681.4,115.3],[681,115.8],[681.5,116.5],[682.1,116.4],[682.2,115.9],[681.4,115.3]]],[[[680.9,119.5],[680.9,120.3],[681.3,120.2],[681.9,119.6],[683,119.4],[682.6,118.8],[683.6,118.2],[684.3,117.9],[683.5,117.3],[682.9,118.1],[682.1,118.7],[681.6,119.2],[680.9,119.5]]],[[[677.5,115],[677.8,115.6],[678.3,115.5],[678.3,114.7],[677.5,115]]],[[[661.1,122.3],[660.7,122.4],[659.8,121.4],[659,121.7],[658.9,122.2],[658.2,122.2],[658.5,122.8],[657.9,123.8],[657,123.8],[656.6,123.5],[656.8,129.3],[657.1,137.4],[656.6,137.6],[656.3,138.5],[656.1,138.8],[655.1,138.6],[654.7,138.8],[654.4,139.8],[653.5,139.6],[653,140],[653,140.4],[651.6,140.9],[650.5,141.8],[650.1,142.5],[650,143],[649.6,143.4],[649.7,143.8],[649.3,144.9],[648.9,145.4],[648,146.1],[647.7,147.9],[647.8,149.4],[648.8,149.7],[649.7,149.6],[650.5,150.2],[650.5,150.8],[651.3,151.9],[651.9,152.4],[651.8,153.5],[651,154.5],[651.1,154.9],[650.5,155.8],[650.1,156],[650.1,157],[650.3,157.7],[650.1,158.5],[650.5,160.3],[649.8,161],[649.7,161.7],[650.2,162.2],[650.2,163.6],[650.5,164.4],[650.2,165.4],[650.4,165.8],[650.4,166.6],[649.7,168.8],[651,169.5],[652.2,170.8],[652.9,171.3],[653,171.9],[653.9,172.2],[654.3,173],[654.7,172.8],[656.1,173.2],[656.5,173],[657.6,173.1],[658.2,173.5],[658.4,174.4],[658.9,175],[659.9,175.8],[661.5,176.1],[662.7,176.5],[663,176.8],[664.3,177.5],[664.9,178.1],[665.1,178.6],[665,179.2],[665.5,179.5],[665.6,180.3],[665.9,181.1],[666.7,181.6],[666.9,182],[668.8,182.9],[669.9,184.2],[670.6,184.6],[671,185],[672.3,185.1],[673.4,185.5],[674.1,186.4],[674.8,187],[674.9,187.4],[675.6,188.1],[675.8,188.6],[676.3,189],[676.7,190.3],[677,190.7],[676.7,192.2],[676.8,194.5],[677.5,195.2],[677.3,196],[677.8,197.1],[677.6,198.1],[678.1,199],[678.3,199.6],[678,200.3],[678.2,200.7],[679.5,201.2],[680.3,201.9],[680.8,202.8],[680.5,203.4],[679.8,204.1],[679.5,205.2],[678.9,205.9],[679.1,208],[679.7,209.8],[679.7,211],[680.5,211.6],[681,212.9],[681.3,214.5],[681.6,215],[682.6,215.5],[683.3,216.1],[683.9,216.1],[685.1,216.5],[687.4,217],[687.7,217.2],[688,218.1],[688.5,218.6],[689,219.8],[688.9,220],[693,219.8],[698.7,219.4],[700.8,219.4],[705.7,219.1],[708.2,219],[712.9,218.7],[717.4,218.5],[720.9,218.3],[723.5,218],[729.8,217.5],[732.5,217.3],[737.9,216.9],[737.7,216],[737.4,214.2],[737.4,213.4],[737.8,211.8],[737.7,210.9],[737.9,210],[736.8,208.9],[736.3,207.6],[736.3,206.3],[736,205.5],[735.4,205.1],[735.2,204.1],[735.6,203.3],[734.9,201.9],[735.2,201],[734.9,200.4],[734.5,199.2],[734.8,197.8],[734.8,196.8],[735,195.8],[735.8,194.1],[736,193.3],[735.9,192.5],[735.9,191.7],[737.1,188.8],[736.9,187.5],[737,186.7],[736.5,185.8],[736.2,184.1],[736.4,182.8],[736.6,182.1],[736.8,180.8],[737.2,180],[737.2,178.7],[737.9,178],[738.6,177.7],[739.2,176.8],[739.3,175.6],[738.6,174.1],[738.5,173.5],[738.8,172.2],[739.1,168.9],[739.3,168],[739.7,166.7],[740.3,165.8],[741,163.8],[741.5,161.8],[741.8,161.5],[742,160.7],[743,160],[742.7,159.5],[742.9,159],[743.4,158.6],[743,157.8],[743.4,156.9],[743.8,156.6],[744,155.5],[744.5,155.6],[745.1,154.7],[744.9,154],[745.3,153.3],[745,153.1],[745,151.8],[745.1,151.6],[745.9,151.6],[746,150.9],[745.7,149.8],[745.2,149.7],[744.3,150.3],[743.7,150.9],[743.6,151.7],[743.7,152.4],[742.9,152.7],[742.5,153.2],[741.8,153.2],[741.8,153.9],[741.6,154.3],[741.5,155.2],[740.7,156.4],[740.2,157.6],[739.6,159.6],[740,160],[739.7,160.6],[739.1,159.9],[738.5,160.7],[737.8,160.6],[737.3,161],[736.8,161.1],[736.3,161.4],[734.7,164.3],[734.8,165],[734,166.4],[733.4,166.5],[732.5,167.2],[731.6,169],[730.9,169.2],[730.3,169],[729.7,168.4],[730.1,167.6],[730.1,166.1],[730.3,166],[730.3,164.8],[731,163.9],[731.5,162.1],[732.1,161.8],[732.5,160.4],[732.3,159.9],[732.6,159.1],[733.4,158.7],[734.6,158.4],[735.2,158.3],[735.7,158],[735.6,156.6],[736.1,155.4],[735,155.2],[734.6,154.6],[733.5,153.8],[733.4,153.1],[734,151.5],[734.1,150.7],[734.7,149.7],[734.4,149],[733.7,148.7],[732.9,149.6],[731.3,149.9],[730.7,149.5],[731.2,148.4],[730.9,147.8],[731.7,147.1],[731.9,146.2],[731.3,144.7],[731.9,144.5],[731.9,143.6],[731.1,142.8],[731.2,142.4],[731.7,142.1],[731.3,141.3],[730.5,141],[730.3,140.5],[729.6,140.3],[728.9,140.4],[728.3,140.2],[728.1,139.6],[726.8,140],[726.4,139.9],[725.7,139.1],[726.6,138],[726.2,137.6],[726,136.9],[724.6,136.2],[723.9,136.3],[723.4,136],[722.9,136.3],[722.3,136.2],[721.4,135.5],[720.8,135.9],[719.8,135.4],[719.4,135.5],[719.2,135],[717.9,135.3],[717.4,135.9],[716.7,135.8],[716.4,135.4],[715.4,135.1],[714.3,135.3],[709.4,132.9],[702.7,131.6],[695.7,130.1],[692.3,129.4],[692.3,128.9],[691.6,127.8],[690.9,126.3],[690.6,125.7],[689.6,125.6],[689.5,125.2],[688.9,125.4],[688.9,124.9],[687.6,125],[687.2,124.3],[686.9,124.5],[685.7,123.9],[685.2,124.1],[684.4,123.7],[681.9,121.8],[681.5,122.4],[681.6,122.8],[681,123.3],[679.7,123.9],[679.2,124.4],[678.5,124.1],[678.9,123.4],[679,122.5],[679.7,122.1],[679.9,121.6],[679.3,120.3],[679.8,119.5],[680.1,119.5],[680.6,118.7],[681.3,116.9],[680.7,116.3],[679.5,115.5],[678.5,116.3],[677.7,116.1],[677.4,116.6],[676.7,117],[676.2,117.6],[675.8,117.6],[675.6,118.2],[674.9,118],[674.5,118.5],[673.7,118.1],[673.1,118.8],[671.9,119.3],[671.5,119.8],[670.8,119.9],[670.2,120.4],[669.2,120.8],[668.2,120.9],[667,121.4],[664.2,122.6],[663.2,122.7],[662.3,122.9],[661.1,122.3]]]]}},{"type":"Feature","properties":{"st":"WV","fips":"54","name":"West Virginia","label_x":878.4,"label_y":286.5},"geometry":{"type":"MultiPolygon","coordinates":[[[[840.9,302.2],[841.1,304],[841.7,304.6],[841.5,305],[841.8,305.9],[841.6,306.3],[841.2,306.7],[841.5,307],[841.4,308.1],[840.9,308.2],[841.1,309],[842.1,309.6],[842.2,310],[842.9,310.3],[843.7,311.9],[844.2,311.9],[844.7,312.2],[844.7,312.8],[844.2,313.4],[844.8,314.1],[845.3,314],[845.8,314.4],[846,315.3],[847.1,316.2],[847.7,316.5],[848.1,317.1],[847.9,317.5],[848.8,318.7],[849.6,319.3],[850.2,319.3],[850.5,319.9],[851.1,319.9],[851.7,320.5],[852.1,320.4],[852.5,321.2],[853.3,321.2],[853.7,321.6],[854.6,321.5],[855.3,321.3],[855.9,321.9],[855,322.8],[855.3,323.3],[856,323.4],[856.4,324.1],[856.4,324.9],[856.7,325.4],[857.7,326],[858.2,326.4],[858.3,326.9],[859.2,326.8],[860,326.9],[860.6,327.7],[861.6,328.1],[861.8,328.4],[864,327.9],[864.8,327.2],[865.8,326.1],[866.4,326],[866.6,325],[867,324.8],[867.1,324.3],[868.1,325.1],[870,326.3],[871,325.5],[871.9,325],[874.3,324],[874.9,324.1],[875.7,323.5],[876.5,322.6],[875.8,321.8],[876.1,320.8],[876.5,320.8],[877.5,321.3],[877.9,321.8],[879,321.1],[880.7,319.5],[881.5,318.8],[882.1,318.5],[882.6,318.9],[882.7,319.5],[883.1,319.7],[883.9,318.9],[886,317.2],[885.6,316.3],[885.2,316],[886.4,315],[886.9,314.1],[886,313.9],[885.3,312.9],[886,311.9],[885.8,311.3],[886.2,310.7],[886.3,309.9],[886.7,309.1],[887,308.2],[887.4,307.9],[888.4,306.3],[889.5,304.9],[890,303.1],[890.4,302],[890,301.5],[890.2,301.3],[890.6,299.9],[891.3,298.7],[891.7,298.4],[892.2,297.7],[891.7,297],[892.7,295.7],[893.1,294.1],[893.4,293.7],[893,292.7],[893.2,291.8],[893.5,289.8],[895.6,290.4],[896,290.8],[897.1,292.4],[900.3,293],[900.8,292.6],[901.1,291.8],[901.7,290.8],[901.7,290],[902.2,288.5],[902.2,287.8],[902.5,286.7],[903.2,286.5],[903.2,285.8],[903,285.5],[903.2,284.4],[903.8,283.2],[903.8,282.6],[904.1,281.7],[906.7,283.3],[907.3,281.6],[907.7,280.2],[908.1,279.8],[908.4,279.1],[908.9,279.5],[909.4,278.9],[909.8,277.8],[910.3,277.4],[910.7,277.8],[911.3,276.3],[910.9,276.1],[911.7,274.7],[912.2,274],[912.5,273.8],[913,272.8],[913.3,272.4],[912.6,271.8],[913,270.6],[912.6,270.3],[913.4,268.7],[913.6,267.8],[913.1,267.8],[913.4,267],[913,266.5],[913.2,266.1],[913,265.2],[914.7,266.1],[916.9,267.5],[923.7,271.2],[923.9,270.2],[924,269.3],[924.3,268.6],[924.4,267.2],[924.8,266.5],[924.1,266.3],[924.2,265],[923.7,264.2],[923.1,264.2],[922.8,263.6],[922.7,263],[921.9,262.8],[921.7,262.3],[920.8,261.7],[920.9,261.4],[921.5,261.2],[921.6,260.6],[921.4,260.2],[920.5,260.2],[919,260.9],[918.3,260.9],[917.8,260.2],[916.9,259.6],[916.3,259.4],[915.1,259.3],[913.9,260.9],[913.8,261.4],[912.2,261.2],[912,261.5],[911,261.8],[911.1,262.3],[910.6,263.1],[911.2,263.3],[910.7,264.3],[909.7,264.4],[908.9,264.7],[907.8,264.4],[907.2,264.6],[906.6,264.5],[905,263.8],[904.7,263],[904,263.9],[903.4,265.6],[903.2,265.7],[902.8,266.6],[902.3,267.3],[902.3,267.8],[900.8,267.4],[900.5,267.1],[899.8,267.7],[899.3,268.9],[898.8,269.6],[898.2,269.9],[898.1,270.4],[897.4,270.7],[897.5,271.2],[897,271.6],[897,272.2],[896.5,272.1],[896,272.5],[895.4,273.3],[894.6,274.6],[893.8,275],[892.6,267.4],[892.7,267.3],[891.9,262.9],[885.3,264.1],[877.2,265.4],[873.4,266],[872.6,261],[871.1,251.5],[869.9,244.6],[869,245.3],[868.6,245.1],[868.1,245.3],[867.6,246.1],[867.6,246.5],[868.4,247.3],[868.7,248.1],[869.1,248.5],[869.1,249.6],[869.2,250.3],[868.9,250.6],[869.4,251.1],[869.4,251.7],[869.7,252.3],[869.5,253.7],[869,254.6],[869,255.3],[868.5,256.4],[868.6,257.7],[868.2,258.4],[868.4,259],[868.4,260],[868.6,260.8],[868.2,261.5],[868.5,262.2],[867.7,262.2],[867.6,262.6],[868,263.5],[867.5,264.1],[867.7,265.1],[867.1,265.8],[867.2,266.3],[867.9,267],[867.9,267.4],[867.5,267.7],[867.5,268.7],[867.4,269.4],[866.5,269.7],[865.1,271.5],[864,273.2],[863.5,274.3],[862.7,274.8],[862.2,275.9],[861.3,276],[860.1,277.2],[859.6,277.4],[859.2,277.1],[858.9,276.4],[858.4,276],[857.9,276],[857.2,277],[856.4,277.9],[856.4,279.6],[855.7,279.6],[854.5,279.8],[854.2,280.2],[854.4,280.9],[853.8,281.3],[853.4,282.3],[853.9,283.7],[853.8,284.3],[853.4,284.6],[852.8,284.6],[852.8,285.2],[853.8,286.1],[853.7,287.3],[854.2,287.9],[853.8,288.2],[853.2,287.8],[852.7,288.3],[852.7,289],[852.1,289.7],[851.7,289.7],[851.3,289.2],[851.7,288.3],[850.9,287.2],[850.1,287.2],[849.7,286.5],[848.9,286.6],[848.7,287.4],[848.1,287.9],[847.9,289],[847.4,289.9],[847.6,291.2],[846.4,292.5],[846.6,293.1],[846.9,293.3],[847.4,294.4],[847.3,295.1],[847.8,296.3],[847.7,297.1],[846.1,297.3],[845.9,297.7],[845.9,299.7],[845.7,300.9],[844.6,301.4],[844.3,301.3],[842.1,302.4],[841.2,302.5],[840.9,302.2]]]]}},{"type":"Feature","properties":{"st":"WY","fips":"56","name":"Wyoming","label_x":398.5,"label_y":197.7},"geometry":{"type":"MultiPolygon","coordinates":[[[[462.2,158.2],[455.4,157.6],[450.5,157.1],[440.5,156.1],[431.5,155.2],[431.2,155.3],[425.6,154.7],[415.3,153.5],[412.1,153.1],[411.3,153],[407.7,152.5],[401.1,151.7],[397,151.2],[392.4,150.6],[386.7,149.9],[379,148.8],[378.7,148.6],[374,148],[368,147.2],[362.1,146.3],[360.6,146.3],[357.9,145.8],[357.3,145.8],[352.3,145.1],[351,144.6],[346.5,144],[346,147.1],[345.1,152.7],[344.6,156.1],[344.7,156.2],[344.2,159],[343,166.8],[342.3,171.6],[341.1,178.9],[340,186.1],[338.3,197.1],[337.4,202.2],[336.5,207.4],[335.5,213.9],[334,223.8],[332.7,231.6],[331.8,237.4],[340.6,238.8],[341.3,239],[345.9,239.7],[347.9,239.9],[358.2,241.4],[363.1,242],[366.6,242.5],[369.5,243],[376.3,243.9],[380.6,244.4],[384.2,244.8],[391.6,245.8],[398.3,246.6],[405.1,247.4],[412.1,248.2],[416.3,248.7],[419,249],[424.9,249.6],[433.2,250.4],[440.2,251.1],[443.4,251.3],[454.3,252.3],[455.2,242.5],[455.6,237.6],[456.2,230.7],[456.6,225.8],[457.3,216.9],[457.8,210.9],[458.3,205.1],[458.9,198.3],[459.5,191.4],[460,185.1],[460.7,177.4],[461.1,171.5],[462,161.1],[462.2,158.2]]]]}}]}
